currency,valid_from,rate
USD,2025-01-06,0.923214
GBP,2025-01-06,1.172611
JPY,2025-01-06,0.006145
CHF,2025-01-06,1.045183
SEK,2025-01-06,0.087769
NOK,2025-01-06,0.085943
PLN,2025-01-06,0.234284
CZK,2025-01-06,0.040448
AUD,2025-01-06,0.610370
CAD,2025-01-06,0.682753
USD,2025-01-07,0.922938
GBP,2025-01-07,1.173208
JPY,2025-01-07,0.006154
CHF,2025-01-07,1.044042
SEK,2025-01-07,0.087887
NOK,2025-01-07,0.086050
PLN,2025-01-07,0.234713
CZK,2025-01-07,0.040334
AUD,2025-01-07,0.610892
CAD,2025-01-07,0.684898
USD,2025-01-08,0.922799
GBP,2025-01-08,1.175641
JPY,2025-01-08,0.006155
CHF,2025-01-08,1.046285
SEK,2025-01-08,0.088099
NOK,2025-01-08,0.086009
PLN,2025-01-08,0.234299
CZK,2025-01-08,0.040354
AUD,2025-01-08,0.612532
CAD,2025-01-08,0.687215
USD,2025-01-09,0.925296
GBP,2025-01-09,1.176041
JPY,2025-01-09,0.006155
CHF,2025-01-09,1.048882
SEK,2025-01-09,0.088322
NOK,2025-01-09,0.085777
PLN,2025-01-09,0.234260
CZK,2025-01-09,0.040223
AUD,2025-01-09,0.614171
CAD,2025-01-09,0.689015
USD,2025-01-10,0.923138
GBP,2025-01-10,1.175746
JPY,2025-01-10,0.006145
CHF,2025-01-10,1.046439
SEK,2025-01-10,0.088414
NOK,2025-01-10,0.085803
PLN,2025-01-10,0.234034
CZK,2025-01-10,0.040306
AUD,2025-01-10,0.613710
CAD,2025-01-10,0.689519
USD,2025-01-11,0.925913
GBP,2025-01-11,1.177273
JPY,2025-01-11,0.006153
CHF,2025-01-11,1.047105
SEK,2025-01-11,0.088433
NOK,2025-01-11,0.085834
PLN,2025-01-11,0.234607
CZK,2025-01-11,0.040386
AUD,2025-01-11,0.615360
CAD,2025-01-11,0.688605
USD,2025-01-12,0.925308
GBP,2025-01-12,1.179281
JPY,2025-01-12,0.006155
CHF,2025-01-12,1.044634
SEK,2025-01-12,0.088228
NOK,2025-01-12,0.086118
PLN,2025-01-12,0.233971
CZK,2025-01-12,0.040387
AUD,2025-01-12,0.613555
CAD,2025-01-12,0.688848
USD,2025-01-13,0.925878
GBP,2025-01-13,1.179099
JPY,2025-01-13,0.006160
CHF,2025-01-13,1.042897
SEK,2025-01-13,0.088109
NOK,2025-01-13,0.086209
PLN,2025-01-13,0.234228
CZK,2025-01-13,0.040393
AUD,2025-01-13,0.612480
CAD,2025-01-13,0.686715
USD,2025-01-14,0.923785
GBP,2025-01-14,1.179254
JPY,2025-01-14,0.006158
CHF,2025-01-14,1.041201
SEK,2025-01-14,0.088322
NOK,2025-01-14,0.086124
PLN,2025-01-14,0.234083
CZK,2025-01-14,0.040367
AUD,2025-01-14,0.610506
CAD,2025-01-14,0.684525
USD,2025-01-15,0.923619
GBP,2025-01-15,1.178609
JPY,2025-01-15,0.006160
CHF,2025-01-15,1.039341
SEK,2025-01-15,0.088215
NOK,2025-01-15,0.086279
PLN,2025-01-15,0.233681
CZK,2025-01-15,0.040375
AUD,2025-01-15,0.610266
CAD,2025-01-15,0.686795
USD,2025-01-16,0.925086
GBP,2025-01-16,1.180845
JPY,2025-01-16,0.006161
CHF,2025-01-16,1.042149
SEK,2025-01-16,0.087990
NOK,2025-01-16,0.086047
PLN,2025-01-16,0.233186
CZK,2025-01-16,0.040272
AUD,2025-01-16,0.610865
CAD,2025-01-16,0.687883
USD,2025-01-17,0.925411
GBP,2025-01-17,1.178728
JPY,2025-01-17,0.006144
CHF,2025-01-17,1.044862
SEK,2025-01-17,0.088276
NOK,2025-01-17,0.086309
PLN,2025-01-17,0.232772
CZK,2025-01-17,0.040192
AUD,2025-01-17,0.610012
CAD,2025-01-17,0.688624
USD,2025-01-18,0.924663
GBP,2025-01-18,1.179139
JPY,2025-01-18,0.006143
CHF,2025-01-18,1.044427
SEK,2025-01-18,0.088556
NOK,2025-01-18,0.086260
PLN,2025-01-18,0.232508
CZK,2025-01-18,0.040164
AUD,2025-01-18,0.608259
CAD,2025-01-18,0.687901
USD,2025-01-19,0.926356
GBP,2025-01-19,1.178896
JPY,2025-01-19,0.006149
CHF,2025-01-19,1.046801
SEK,2025-01-19,0.088629
NOK,2025-01-19,0.086371
PLN,2025-01-19,0.232222
CZK,2025-01-19,0.040201
AUD,2025-01-19,0.606868
CAD,2025-01-19,0.687352
USD,2025-01-20,0.926711
GBP,2025-01-20,1.175108
JPY,2025-01-20,0.006168
CHF,2025-01-20,1.048977
SEK,2025-01-20,0.088721
NOK,2025-01-20,0.086581
PLN,2025-01-20,0.231874
CZK,2025-01-20,0.040183
AUD,2025-01-20,0.607252
CAD,2025-01-20,0.689433
USD,2025-01-21,0.927114
GBP,2025-01-21,1.178013
JPY,2025-01-21,0.006149
CHF,2025-01-21,1.050971
SEK,2025-01-21,0.088988
NOK,2025-01-21,0.086837
PLN,2025-01-21,0.232470
CZK,2025-01-21,0.040283
AUD,2025-01-21,0.607896
CAD,2025-01-21,0.688439
USD,2025-01-22,0.924802
GBP,2025-01-22,1.177568
JPY,2025-01-22,0.006170
CHF,2025-01-22,1.053480
SEK,2025-01-22,0.088708
NOK,2025-01-22,0.086541
PLN,2025-01-22,0.232839
CZK,2025-01-22,0.040171
AUD,2025-01-22,0.609736
CAD,2025-01-22,0.689723
USD,2025-01-23,0.925868
GBP,2025-01-23,1.174709
JPY,2025-01-23,0.006166
CHF,2025-01-23,1.052028
SEK,2025-01-23,0.088790
NOK,2025-01-23,0.086293
PLN,2025-01-23,0.232955
CZK,2025-01-23,0.040237
AUD,2025-01-23,0.609924
CAD,2025-01-23,0.690391
USD,2025-01-24,0.924539
GBP,2025-01-24,1.174504
JPY,2025-01-24,0.006147
CHF,2025-01-24,1.049560
SEK,2025-01-24,0.089033
NOK,2025-01-24,0.086340
PLN,2025-01-24,0.233739
CZK,2025-01-24,0.040356
AUD,2025-01-24,0.608324
CAD,2025-01-24,0.690500
USD,2025-01-25,0.921713
GBP,2025-01-25,1.173722
JPY,2025-01-25,0.006138
CHF,2025-01-25,1.050865
SEK,2025-01-25,0.089133
NOK,2025-01-25,0.086480
PLN,2025-01-25,0.234046
CZK,2025-01-25,0.040243
AUD,2025-01-25,0.607250
CAD,2025-01-25,0.689361
USD,2025-01-26,0.920699
GBP,2025-01-26,1.177302
JPY,2025-01-26,0.006117
CHF,2025-01-26,1.051496
SEK,2025-01-26,0.088957
NOK,2025-01-26,0.086534
PLN,2025-01-26,0.233455
CZK,2025-01-26,0.040377
AUD,2025-01-26,0.606151
CAD,2025-01-26,0.688069
USD,2025-01-27,0.918156
GBP,2025-01-27,1.180875
JPY,2025-01-27,0.006098
CHF,2025-01-27,1.050231
SEK,2025-01-27,0.088707
NOK,2025-01-27,0.086251
PLN,2025-01-27,0.233981
CZK,2025-01-27,0.040371
AUD,2025-01-27,0.605718
CAD,2025-01-27,0.686896
USD,2025-01-28,0.918610
GBP,2025-01-28,1.177760
JPY,2025-01-28,0.006102
CHF,2025-01-28,1.051983
SEK,2025-01-28,0.088553
NOK,2025-01-28,0.086292
PLN,2025-01-28,0.233570
CZK,2025-01-28,0.040495
AUD,2025-01-28,0.604073
CAD,2025-01-28,0.688759
USD,2025-01-29,0.917123
GBP,2025-01-29,1.180779
JPY,2025-01-29,0.006123
CHF,2025-01-29,1.049153
SEK,2025-01-29,0.088782
NOK,2025-01-29,0.086533
PLN,2025-01-29,0.234296
CZK,2025-01-29,0.040631
AUD,2025-01-29,0.602006
CAD,2025-01-29,0.689127
USD,2025-01-30,0.919399
GBP,2025-01-30,1.179380
JPY,2025-01-30,0.006127
CHF,2025-01-30,1.048528
SEK,2025-01-30,0.088624
NOK,2025-01-30,0.086258
PLN,2025-01-30,0.234983
CZK,2025-01-30,0.040618
AUD,2025-01-30,0.603231
CAD,2025-01-30,0.687453
USD,2025-01-31,0.919784
GBP,2025-01-31,1.181558
JPY,2025-01-31,0.006126
CHF,2025-01-31,1.049046
SEK,2025-01-31,0.088592
NOK,2025-01-31,0.086047
PLN,2025-01-31,0.234827
CZK,2025-01-31,0.040571
AUD,2025-01-31,0.604612
CAD,2025-01-31,0.686728
USD,2025-02-01,0.917693
GBP,2025-02-01,1.184825
JPY,2025-02-01,0.006133
CHF,2025-02-01,1.048157
SEK,2025-02-01,0.088688
NOK,2025-02-01,0.086158
PLN,2025-02-01,0.234100
CZK,2025-02-01,0.040501
AUD,2025-02-01,0.602813
CAD,2025-02-01,0.685588
USD,2025-02-02,0.919150
GBP,2025-02-02,1.187773
JPY,2025-02-02,0.006152
CHF,2025-02-02,1.045851
SEK,2025-02-02,0.088949
NOK,2025-02-02,0.085903
PLN,2025-02-02,0.234325
CZK,2025-02-02,0.040397
AUD,2025-02-02,0.601340
CAD,2025-02-02,0.685210
USD,2025-02-03,0.922240
GBP,2025-02-03,1.185533
JPY,2025-02-03,0.006132
CHF,2025-02-03,1.043587
SEK,2025-02-03,0.088663
NOK,2025-02-03,0.085898
PLN,2025-02-03,0.233849
CZK,2025-02-03,0.040286
AUD,2025-02-03,0.600883
CAD,2025-02-03,0.686690
USD,2025-02-04,0.921596
GBP,2025-02-04,1.183461
JPY,2025-02-04,0.006127
CHF,2025-02-04,1.045989
SEK,2025-02-04,0.088686
NOK,2025-02-04,0.085734
PLN,2025-02-04,0.233368
CZK,2025-02-04,0.040363
AUD,2025-02-04,0.602931
CAD,2025-02-04,0.687148
USD,2025-02-05,0.921310
GBP,2025-02-05,1.185065
JPY,2025-02-05,0.006124
CHF,2025-02-05,1.047966
SEK,2025-02-05,0.088509
NOK,2025-02-05,0.085859
PLN,2025-02-05,0.232975
CZK,2025-02-05,0.040434
AUD,2025-02-05,0.601342
CAD,2025-02-05,0.686728
USD,2025-02-06,0.918908
GBP,2025-02-06,1.181276
JPY,2025-02-06,0.006140
CHF,2025-02-06,1.047317
SEK,2025-02-06,0.088382
NOK,2025-02-06,0.085773
PLN,2025-02-06,0.233378
CZK,2025-02-06,0.040453
AUD,2025-02-06,0.601763
CAD,2025-02-06,0.685777
USD,2025-02-07,0.921624
GBP,2025-02-07,1.181984
JPY,2025-02-07,0.006136
CHF,2025-02-07,1.045857
SEK,2025-02-07,0.088578
NOK,2025-02-07,0.085870
PLN,2025-02-07,0.233860
CZK,2025-02-07,0.040573
AUD,2025-02-07,0.603428
CAD,2025-02-07,0.683975
USD,2025-02-08,0.920643
GBP,2025-02-08,1.183995
JPY,2025-02-08,0.006151
CHF,2025-02-08,1.045599
SEK,2025-02-08,0.088533
NOK,2025-02-08,0.085974
PLN,2025-02-08,0.234148
CZK,2025-02-08,0.040698
AUD,2025-02-08,0.603265
CAD,2025-02-08,0.686196
USD,2025-02-09,0.917996
GBP,2025-02-09,1.182963
JPY,2025-02-09,0.006138
CHF,2025-02-09,1.042306
SEK,2025-02-09,0.088251
NOK,2025-02-09,0.086222
PLN,2025-02-09,0.234316
CZK,2025-02-09,0.040819
AUD,2025-02-09,0.601829
CAD,2025-02-09,0.686295
USD,2025-02-10,0.919931
GBP,2025-02-10,1.185273
JPY,2025-02-10,0.006145
CHF,2025-02-10,1.039408
SEK,2025-02-10,0.088159
NOK,2025-02-10,0.086056
PLN,2025-02-10,0.233805
CZK,2025-02-10,0.040939
AUD,2025-02-10,0.600013
CAD,2025-02-10,0.687475
USD,2025-02-11,0.921955
GBP,2025-02-11,1.185044
JPY,2025-02-11,0.006157
CHF,2025-02-11,1.041631
SEK,2025-02-11,0.088391
NOK,2025-02-11,0.086080
PLN,2025-02-11,0.233993
CZK,2025-02-11,0.040923
AUD,2025-02-11,0.600197
CAD,2025-02-11,0.687847
USD,2025-02-12,0.920084
GBP,2025-02-12,1.187949
JPY,2025-02-12,0.006177
CHF,2025-02-12,1.038525
SEK,2025-02-12,0.088689
NOK,2025-02-12,0.086054
PLN,2025-02-12,0.233385
CZK,2025-02-12,0.040911
AUD,2025-02-12,0.598254
CAD,2025-02-12,0.686968
USD,2025-02-13,0.918878
GBP,2025-02-13,1.191798
JPY,2025-02-13,0.006197
CHF,2025-02-13,1.039183
SEK,2025-02-13,0.088624
NOK,2025-02-13,0.085872
PLN,2025-02-13,0.233276
CZK,2025-02-13,0.040962
AUD,2025-02-13,0.596487
CAD,2025-02-13,0.687518
USD,2025-02-14,0.916141
GBP,2025-02-14,1.188721
JPY,2025-02-14,0.006198
CHF,2025-02-14,1.040538
SEK,2025-02-14,0.088698
NOK,2025-02-14,0.085809
PLN,2025-02-14,0.233508
CZK,2025-02-14,0.040957
AUD,2025-02-14,0.594805
CAD,2025-02-14,0.685216
USD,2025-02-15,0.918681
GBP,2025-02-15,1.192784
JPY,2025-02-15,0.006189
CHF,2025-02-15,1.040848
SEK,2025-02-15,0.088743
NOK,2025-02-15,0.085751
PLN,2025-02-15,0.233527
CZK,2025-02-15,0.041035
AUD,2025-02-15,0.596085
CAD,2025-02-15,0.684017
USD,2025-02-16,0.921395
GBP,2025-02-16,1.188828
JPY,2025-02-16,0.006202
CHF,2025-02-16,1.041651
SEK,2025-02-16,0.088770
NOK,2025-02-16,0.085990
PLN,2025-02-16,0.232768
CZK,2025-02-16,0.041166
AUD,2025-02-16,0.597147
CAD,2025-02-16,0.683214
USD,2025-02-17,0.920860
GBP,2025-02-17,1.192411
JPY,2025-02-17,0.006207
CHF,2025-02-17,1.041990
SEK,2025-02-17,0.088640
NOK,2025-02-17,0.086169
PLN,2025-02-17,0.232462
CZK,2025-02-17,0.041274
AUD,2025-02-17,0.597094
CAD,2025-02-17,0.680941
USD,2025-02-18,0.923197
GBP,2025-02-18,1.191530
JPY,2025-02-18,0.006216
CHF,2025-02-18,1.044597
SEK,2025-02-18,0.088437
NOK,2025-02-18,0.086057
PLN,2025-02-18,0.233138
CZK,2025-02-18,0.041195
AUD,2025-02-18,0.597011
CAD,2025-02-18,0.679142
USD,2025-02-19,0.921723
GBP,2025-02-19,1.191486
JPY,2025-02-19,0.006204
CHF,2025-02-19,1.043288
SEK,2025-02-19,0.088616
NOK,2025-02-19,0.086031
PLN,2025-02-19,0.233137
CZK,2025-02-19,0.041165
AUD,2025-02-19,0.597439
CAD,2025-02-19,0.678969
USD,2025-02-20,0.920651
GBP,2025-02-20,1.190557
JPY,2025-02-20,0.006202
CHF,2025-02-20,1.042742
SEK,2025-02-20,0.088602
NOK,2025-02-20,0.086318
PLN,2025-02-20,0.232322
CZK,2025-02-20,0.041051
AUD,2025-02-20,0.598077
CAD,2025-02-20,0.677537
USD,2025-02-21,0.917682
GBP,2025-02-21,1.186661
JPY,2025-02-21,0.006200
CHF,2025-02-21,1.039300
SEK,2025-02-21,0.088755
NOK,2025-02-21,0.086050
PLN,2025-02-21,0.233119
CZK,2025-02-21,0.040953
AUD,2025-02-21,0.597982
CAD,2025-02-21,0.675746
USD,2025-02-22,0.917203
GBP,2025-02-22,1.189479
JPY,2025-02-22,0.006204
CHF,2025-02-22,1.042214
SEK,2025-02-22,0.088594
NOK,2025-02-22,0.086247
PLN,2025-02-22,0.233882
CZK,2025-02-22,0.041029
AUD,2025-02-22,0.596276
CAD,2025-02-22,0.675200
USD,2025-02-23,0.920083
GBP,2025-02-23,1.188849
JPY,2025-02-23,0.006219
CHF,2025-02-23,1.038631
SEK,2025-02-23,0.088837
NOK,2025-02-23,0.086248
PLN,2025-02-23,0.234335
CZK,2025-02-23,0.040972
AUD,2025-02-23,0.595087
CAD,2025-02-23,0.673674
USD,2025-02-24,0.921955
GBP,2025-02-24,1.187712
JPY,2025-02-24,0.006217
CHF,2025-02-24,1.036947
SEK,2025-02-24,0.089058
NOK,2025-02-24,0.085955
PLN,2025-02-24,0.235071
CZK,2025-02-24,0.040853
AUD,2025-02-24,0.596555
CAD,2025-02-24,0.671932
USD,2025-02-25,0.920395
GBP,2025-02-25,1.191029
JPY,2025-02-25,0.006197
CHF,2025-02-25,1.034035
SEK,2025-02-25,0.089356
NOK,2025-02-25,0.085807
PLN,2025-02-25,0.234738
CZK,2025-02-25,0.040931
AUD,2025-02-25,0.595129
CAD,2025-02-25,0.669783
USD,2025-02-26,0.922679
GBP,2025-02-26,1.191464
JPY,2025-02-26,0.006180
CHF,2025-02-26,1.031563
SEK,2025-02-26,0.089333
NOK,2025-02-26,0.085984
PLN,2025-02-26,0.235543
CZK,2025-02-26,0.040942
AUD,2025-02-26,0.596277
CAD,2025-02-26,0.671856
USD,2025-02-27,0.923251
GBP,2025-02-27,1.189758
JPY,2025-02-27,0.006171
CHF,2025-02-27,1.032667
SEK,2025-02-27,0.089629
NOK,2025-02-27,0.085942
PLN,2025-02-27,0.235737
CZK,2025-02-27,0.040964
AUD,2025-02-27,0.595572
CAD,2025-02-27,0.674085
USD,2025-02-28,0.921604
GBP,2025-02-28,1.190342
JPY,2025-02-28,0.006178
CHF,2025-02-28,1.029373
SEK,2025-02-28,0.089440
NOK,2025-02-28,0.086242
PLN,2025-02-28,0.236301
CZK,2025-02-28,0.040955
AUD,2025-02-28,0.596368
CAD,2025-02-28,0.674719
USD,2025-03-01,0.922956
GBP,2025-03-01,1.191653
JPY,2025-03-01,0.006176
CHF,2025-03-01,1.031088
SEK,2025-03-01,0.089269
NOK,2025-03-01,0.086056
PLN,2025-03-01,0.236162
CZK,2025-03-01,0.040987
AUD,2025-03-01,0.594664
CAD,2025-03-01,0.673995
USD,2025-03-02,0.921454
GBP,2025-03-02,1.190064
JPY,2025-03-02,0.006176
CHF,2025-03-02,1.028744
SEK,2025-03-02,0.089050
NOK,2025-03-02,0.086189
PLN,2025-03-02,0.236018
CZK,2025-03-02,0.040844
AUD,2025-03-02,0.594671
CAD,2025-03-02,0.673514
USD,2025-03-03,0.919569
GBP,2025-03-03,1.191378
JPY,2025-03-03,0.006191
CHF,2025-03-03,1.031268
SEK,2025-03-03,0.089326
NOK,2025-03-03,0.086442
PLN,2025-03-03,0.235902
CZK,2025-03-03,0.040929
AUD,2025-03-03,0.595124
CAD,2025-03-03,0.672056
USD,2025-03-04,0.919639
GBP,2025-03-04,1.189849
JPY,2025-03-04,0.006192
CHF,2025-03-04,1.028229
SEK,2025-03-04,0.089528
NOK,2025-03-04,0.086346
PLN,2025-03-04,0.236635
CZK,2025-03-04,0.040833
AUD,2025-03-04,0.595685
CAD,2025-03-04,0.671500
USD,2025-03-05,0.922015
GBP,2025-03-05,1.186823
JPY,2025-03-05,0.006202
CHF,2025-03-05,1.025023
SEK,2025-03-05,0.089677
NOK,2025-03-05,0.086153
PLN,2025-03-05,0.235955
CZK,2025-03-05,0.040737
AUD,2025-03-05,0.593890
CAD,2025-03-05,0.672832
USD,2025-03-06,0.924735
GBP,2025-03-06,1.187498
JPY,2025-03-06,0.006212
CHF,2025-03-06,1.025191
SEK,2025-03-06,0.089677
NOK,2025-03-06,0.086013
PLN,2025-03-06,0.235791
CZK,2025-03-06,0.040786
AUD,2025-03-06,0.593693
CAD,2025-03-06,0.671725
USD,2025-03-07,0.925104
GBP,2025-03-07,1.184384
JPY,2025-03-07,0.006199
CHF,2025-03-07,1.025195
SEK,2025-03-07,0.089368
NOK,2025-03-07,0.086193
PLN,2025-03-07,0.235008
CZK,2025-03-07,0.040891
AUD,2025-03-07,0.592828
CAD,2025-03-07,0.672381
USD,2025-03-08,0.923955
GBP,2025-03-08,1.182299
JPY,2025-03-08,0.006220
CHF,2025-03-08,1.024525
SEK,2025-03-08,0.089331
NOK,2025-03-08,0.086240
PLN,2025-03-08,0.234612
CZK,2025-03-08,0.040888
AUD,2025-03-08,0.593926
CAD,2025-03-08,0.674512
USD,2025-03-09,0.921071
GBP,2025-03-09,1.179500
JPY,2025-03-09,0.006233
CHF,2025-03-09,1.021705
SEK,2025-03-09,0.089337
NOK,2025-03-09,0.086035
PLN,2025-03-09,0.234468
CZK,2025-03-09,0.040760
AUD,2025-03-09,0.594859
CAD,2025-03-09,0.672471
USD,2025-03-10,0.918042
GBP,2025-03-10,1.175903
JPY,2025-03-10,0.006232
CHF,2025-03-10,1.025246
SEK,2025-03-10,0.089304
NOK,2025-03-10,0.085753
PLN,2025-03-10,0.234422
CZK,2025-03-10,0.040803
AUD,2025-03-10,0.593821
CAD,2025-03-10,0.671874
USD,2025-03-11,0.920287
GBP,2025-03-11,1.173774
JPY,2025-03-11,0.006230
CHF,2025-03-11,1.022386
SEK,2025-03-11,0.089566
NOK,2025-03-11,0.086013
PLN,2025-03-11,0.234615
CZK,2025-03-11,0.040699
AUD,2025-03-11,0.591812
CAD,2025-03-11,0.671628
USD,2025-03-12,0.920859
GBP,2025-03-12,1.169981
JPY,2025-03-12,0.006214
CHF,2025-03-12,1.022853
SEK,2025-03-12,0.089341
NOK,2025-03-12,0.085922
PLN,2025-03-12,0.234675
CZK,2025-03-12,0.040644
AUD,2025-03-12,0.591055
CAD,2025-03-12,0.671490
USD,2025-03-13,0.920434
GBP,2025-03-13,1.171063
JPY,2025-03-13,0.006221
CHF,2025-03-13,1.024458
SEK,2025-03-13,0.089631
NOK,2025-03-13,0.085630
PLN,2025-03-13,0.234416
CZK,2025-03-13,0.040666
AUD,2025-03-13,0.592212
CAD,2025-03-13,0.670454
USD,2025-03-14,0.920542
GBP,2025-03-14,1.168342
JPY,2025-03-14,0.006228
CHF,2025-03-14,1.021524
SEK,2025-03-14,0.089848
NOK,2025-03-14,0.085373
PLN,2025-03-14,0.234944
CZK,2025-03-14,0.040740
AUD,2025-03-14,0.594251
CAD,2025-03-14,0.670194
USD,2025-03-15,0.921091
GBP,2025-03-15,1.165150
JPY,2025-03-15,0.006250
CHF,2025-03-15,1.018299
SEK,2025-03-15,0.089677
NOK,2025-03-15,0.085502
PLN,2025-03-15,0.235711
CZK,2025-03-15,0.040758
AUD,2025-03-15,0.595097
CAD,2025-03-15,0.668406
USD,2025-03-16,0.922030
GBP,2025-03-16,1.161650
JPY,2025-03-16,0.006236
CHF,2025-03-16,1.016976
SEK,2025-03-16,0.089885
NOK,2025-03-16,0.085548
PLN,2025-03-16,0.236260
CZK,2025-03-16,0.040746
AUD,2025-03-16,0.594796
CAD,2025-03-16,0.667674
USD,2025-03-17,0.924302
GBP,2025-03-17,1.157942
JPY,2025-03-17,0.006229
CHF,2025-03-17,1.016982
SEK,2025-03-17,0.090084
NOK,2025-03-17,0.085543
PLN,2025-03-17,0.237050
CZK,2025-03-17,0.040827
AUD,2025-03-17,0.595470
CAD,2025-03-17,0.668032
USD,2025-03-18,0.921595
GBP,2025-03-18,1.160308
JPY,2025-03-18,0.006240
CHF,2025-03-18,1.017585
SEK,2025-03-18,0.089892
NOK,2025-03-18,0.085591
PLN,2025-03-18,0.237113
CZK,2025-03-18,0.040827
AUD,2025-03-18,0.597136
CAD,2025-03-18,0.667548
USD,2025-03-19,0.924117
GBP,2025-03-19,1.160464
JPY,2025-03-19,0.006238
CHF,2025-03-19,1.014855
SEK,2025-03-19,0.089943
NOK,2025-03-19,0.085602
PLN,2025-03-19,0.237194
CZK,2025-03-19,0.040901
AUD,2025-03-19,0.598360
CAD,2025-03-19,0.669842
USD,2025-03-20,0.920903
GBP,2025-03-20,1.161889
JPY,2025-03-20,0.006229
CHF,2025-03-20,1.013593
SEK,2025-03-20,0.089801
NOK,2025-03-20,0.085642
PLN,2025-03-20,0.237491
CZK,2025-03-20,0.040990
AUD,2025-03-20,0.597114
CAD,2025-03-20,0.671949
USD,2025-03-21,0.923341
GBP,2025-03-21,1.163835
JPY,2025-03-21,0.006225
CHF,2025-03-21,1.015753
SEK,2025-03-21,0.089609
NOK,2025-03-21,0.085476
PLN,2025-03-21,0.237485
CZK,2025-03-21,0.040904
AUD,2025-03-21,0.597749
CAD,2025-03-21,0.672938
USD,2025-03-22,0.922381
GBP,2025-03-22,1.161042
JPY,2025-03-22,0.006241
CHF,2025-03-22,1.014815
SEK,2025-03-22,0.089899
NOK,2025-03-22,0.085446
PLN,2025-03-22,0.237469
CZK,2025-03-22,0.040927
AUD,2025-03-22,0.597749
CAD,2025-03-22,0.670705
USD,2025-03-23,0.923508
GBP,2025-03-23,1.159451
JPY,2025-03-23,0.006234
CHF,2025-03-23,1.014679
SEK,2025-03-23,0.089704
NOK,2025-03-23,0.085515
PLN,2025-03-23,0.237295
CZK,2025-03-23,0.040817
AUD,2025-03-23,0.597115
CAD,2025-03-23,0.668978
USD,2025-03-24,0.924119
GBP,2025-03-24,1.162836
JPY,2025-03-24,0.006223
CHF,2025-03-24,1.012133
SEK,2025-03-24,0.089556
NOK,2025-03-24,0.085642
PLN,2025-03-24,0.236727
CZK,2025-03-24,0.040836
AUD,2025-03-24,0.597498
CAD,2025-03-24,0.668645
USD,2025-03-25,0.923008
GBP,2025-03-25,1.161113
JPY,2025-03-25,0.006206
CHF,2025-03-25,1.012460
SEK,2025-03-25,0.089427
NOK,2025-03-25,0.085628
PLN,2025-03-25,0.235958
CZK,2025-03-25,0.040906
AUD,2025-03-25,0.595513
CAD,2025-03-25,0.668983
USD,2025-03-26,0.923717
GBP,2025-03-26,1.157496
JPY,2025-03-26,0.006193
CHF,2025-03-26,1.010056
SEK,2025-03-26,0.089721
NOK,2025-03-26,0.085730
PLN,2025-03-26,0.235495
CZK,2025-03-26,0.040942
AUD,2025-03-26,0.595807
CAD,2025-03-26,0.670919
USD,2025-03-27,0.926046
GBP,2025-03-27,1.159824
JPY,2025-03-27,0.006179
CHF,2025-03-27,1.010524
SEK,2025-03-27,0.089670
NOK,2025-03-27,0.085650
PLN,2025-03-27,0.235547
CZK,2025-03-27,0.040895
AUD,2025-03-27,0.594749
CAD,2025-03-27,0.671211
USD,2025-03-28,0.927592
GBP,2025-03-28,1.159978
JPY,2025-03-28,0.006158
CHF,2025-03-28,1.007408
SEK,2025-03-28,0.089680
NOK,2025-03-28,0.085370
PLN,2025-03-28,0.234804
CZK,2025-03-28,0.040760
AUD,2025-03-28,0.595032
CAD,2025-03-28,0.673194
USD,2025-03-29,0.928050
GBP,2025-03-29,1.160991
JPY,2025-03-29,0.006139
CHF,2025-03-29,1.009116
SEK,2025-03-29,0.089889
NOK,2025-03-29,0.085281
PLN,2025-03-29,0.234846
CZK,2025-03-29,0.040804
AUD,2025-03-29,0.595170
CAD,2025-03-29,0.671820
USD,2025-03-30,0.928999
GBP,2025-03-30,1.158613
JPY,2025-03-30,0.006148
CHF,2025-03-30,1.005659
SEK,2025-03-30,0.090149
NOK,2025-03-30,0.085101
PLN,2025-03-30,0.235081
CZK,2025-03-30,0.040882
AUD,2025-03-30,0.597157
CAD,2025-03-30,0.669593
USD,2025-03-31,0.926043
GBP,2025-03-31,1.159217
JPY,2025-03-31,0.006138
CHF,2025-03-31,1.008661
SEK,2025-03-31,0.090133
NOK,2025-03-31,0.085390
PLN,2025-03-31,0.235625
CZK,2025-03-31,0.040852
AUD,2025-03-31,0.595257
CAD,2025-03-31,0.669831
USD,2025-04-01,0.924564
GBP,2025-04-01,1.160246
JPY,2025-04-01,0.006137
CHF,2025-04-01,1.012154
SEK,2025-04-01,0.090006
NOK,2025-04-01,0.085634
PLN,2025-04-01,0.236278
CZK,2025-04-01,0.040879
AUD,2025-04-01,0.595705
CAD,2025-04-01,0.669131
USD,2025-04-02,0.927475
GBP,2025-04-02,1.163442
JPY,2025-04-02,0.006146
CHF,2025-04-02,1.011767
SEK,2025-04-02,0.090216
NOK,2025-04-02,0.085614
PLN,2025-04-02,0.235989
CZK,2025-04-02,0.040762
AUD,2025-04-02,0.596660
CAD,2025-04-02,0.669046
USD,2025-04-03,0.927255
GBP,2025-04-03,1.162890
JPY,2025-04-03,0.006157
CHF,2025-04-03,1.013667
SEK,2025-04-03,0.090290
NOK,2025-04-03,0.085891
PLN,2025-04-03,0.236624
CZK,2025-04-03,0.040885
AUD,2025-04-03,0.595837
CAD,2025-04-03,0.668601
USD,2025-04-04,0.928491
GBP,2025-04-04,1.160482
JPY,2025-04-04,0.006173
CHF,2025-04-04,1.011606
SEK,2025-04-04,0.090193
NOK,2025-04-04,0.085715
PLN,2025-04-04,0.237213
CZK,2025-04-04,0.040800
AUD,2025-04-04,0.594059
CAD,2025-04-04,0.668096
USD,2025-04-05,0.931662
GBP,2025-04-05,1.157894
JPY,2025-04-05,0.006171
CHF,2025-04-05,1.013063
SEK,2025-04-05,0.090163
NOK,2025-04-05,0.085633
PLN,2025-04-05,0.237796
CZK,2025-04-05,0.040713
AUD,2025-04-05,0.593761
CAD,2025-04-05,0.670295
USD,2025-04-06,0.929658
GBP,2025-04-06,1.160589
JPY,2025-04-06,0.006149
CHF,2025-04-06,1.013737
SEK,2025-04-06,0.090040
NOK,2025-04-06,0.085862
PLN,2025-04-06,0.237839
CZK,2025-04-06,0.040623
AUD,2025-04-06,0.595670
CAD,2025-04-06,0.668229
USD,2025-04-07,0.932541
GBP,2025-04-07,1.159695
JPY,2025-04-07,0.006143
CHF,2025-04-07,1.015991
SEK,2025-04-07,0.090326
NOK,2025-04-07,0.085857
PLN,2025-04-07,0.238318
CZK,2025-04-07,0.040551
AUD,2025-04-07,0.596553
CAD,2025-04-07,0.667466
USD,2025-04-08,0.934549
GBP,2025-04-08,1.163079
JPY,2025-04-08,0.006140
CHF,2025-04-08,1.016144
SEK,2025-04-08,0.090426
NOK,2025-04-08,0.086022
PLN,2025-04-08,0.238667
CZK,2025-04-08,0.040619
AUD,2025-04-08,0.594841
CAD,2025-04-08,0.666686
USD,2025-04-09,0.931808
GBP,2025-04-09,1.160042
JPY,2025-04-09,0.006143
CHF,2025-04-09,1.014484
SEK,2025-04-09,0.090461
NOK,2025-04-09,0.085769
PLN,2025-04-09,0.238365
CZK,2025-04-09,0.040662
AUD,2025-04-09,0.595935
CAD,2025-04-09,0.668840
USD,2025-04-10,0.931678
GBP,2025-04-10,1.156491
JPY,2025-04-10,0.006157
CHF,2025-04-10,1.014921
SEK,2025-04-10,0.090438
NOK,2025-04-10,0.085840
PLN,2025-04-10,0.237893
CZK,2025-04-10,0.040803
AUD,2025-04-10,0.596306
CAD,2025-04-10,0.669727
USD,2025-04-11,0.931533
GBP,2025-04-11,1.154769
JPY,2025-04-11,0.006149
CHF,2025-04-11,1.017975
SEK,2025-04-11,0.090199
NOK,2025-04-11,0.086056
PLN,2025-04-11,0.238507
CZK,2025-04-11,0.040833
AUD,2025-04-11,0.596346
CAD,2025-04-11,0.668010
USD,2025-04-12,0.933192
GBP,2025-04-12,1.156856
JPY,2025-04-12,0.006139
CHF,2025-04-12,1.018240
SEK,2025-04-12,0.090026
NOK,2025-04-12,0.086158
PLN,2025-04-12,0.238642
CZK,2025-04-12,0.040970
AUD,2025-04-12,0.595240
CAD,2025-04-12,0.669566
USD,2025-04-13,0.934886
GBP,2025-04-13,1.158067
JPY,2025-04-13,0.006154
CHF,2025-04-13,1.015066
SEK,2025-04-13,0.090296
NOK,2025-04-13,0.086074
PLN,2025-04-13,0.238494
CZK,2025-04-13,0.041094
AUD,2025-04-13,0.595297
CAD,2025-04-13,0.670707
USD,2025-04-14,0.937670
GBP,2025-04-14,1.154907
JPY,2025-04-14,0.006166
CHF,2025-04-14,1.014228
SEK,2025-04-14,0.090181
NOK,2025-04-14,0.086299
PLN,2025-04-14,0.238010
CZK,2025-04-14,0.041236
AUD,2025-04-14,0.593672
CAD,2025-04-14,0.671226
USD,2025-04-15,0.939400
GBP,2025-04-15,1.153422
JPY,2025-04-15,0.006187
CHF,2025-04-15,1.016099
SEK,2025-04-15,0.090094
NOK,2025-04-15,0.086472
PLN,2025-04-15,0.237412
CZK,2025-04-15,0.041229
AUD,2025-04-15,0.593944
CAD,2025-04-15,0.672414
USD,2025-04-16,0.939759
GBP,2025-04-16,1.149471
JPY,2025-04-16,0.006202
CHF,2025-04-16,1.014471
SEK,2025-04-16,0.090123
NOK,2025-04-16,0.086705
PLN,2025-04-16,0.237818
CZK,2025-04-16,0.041141
AUD,2025-04-16,0.595476
CAD,2025-04-16,0.672377
USD,2025-04-17,0.938540
GBP,2025-04-17,1.152767
JPY,2025-04-17,0.006200
CHF,2025-04-17,1.015887
SEK,2025-04-17,0.089816
NOK,2025-04-17,0.086505
PLN,2025-04-17,0.238528
CZK,2025-04-17,0.041233
AUD,2025-04-17,0.595238
CAD,2025-04-17,0.674447
USD,2025-04-18,0.940642
GBP,2025-04-18,1.149477
JPY,2025-04-18,0.006199
CHF,2025-04-18,1.015593
SEK,2025-04-18,0.090053
NOK,2025-04-18,0.086225
PLN,2025-04-18,0.237731
CZK,2025-04-18,0.041245
AUD,2025-04-18,0.593366
CAD,2025-04-18,0.675756
USD,2025-04-19,0.942655
GBP,2025-04-19,1.147359
JPY,2025-04-19,0.006216
CHF,2025-04-19,1.012656
SEK,2025-04-19,0.089761
NOK,2025-04-19,0.086409
PLN,2025-04-19,0.238418
CZK,2025-04-19,0.041207
AUD,2025-04-19,0.594634
CAD,2025-04-19,0.673569
USD,2025-04-20,0.939863
GBP,2025-04-20,1.149353
JPY,2025-04-20,0.006233
CHF,2025-04-20,1.014370
SEK,2025-04-20,0.089925
NOK,2025-04-20,0.086559
PLN,2025-04-20,0.238879
CZK,2025-04-20,0.041218
AUD,2025-04-20,0.592827
CAD,2025-04-20,0.675484
USD,2025-04-21,0.942330
GBP,2025-04-21,1.146008
JPY,2025-04-21,0.006236
CHF,2025-04-21,1.010875
SEK,2025-04-21,0.089640
NOK,2025-04-21,0.086682
PLN,2025-04-21,0.238142
CZK,2025-04-21,0.041304
AUD,2025-04-21,0.592576
CAD,2025-04-21,0.676490
USD,2025-04-22,0.942613
GBP,2025-04-22,1.147540
JPY,2025-04-22,0.006221
CHF,2025-04-22,1.010895
SEK,2025-04-22,0.089379
NOK,2025-04-22,0.086513
PLN,2025-04-22,0.238556
CZK,2025-04-22,0.041208
AUD,2025-04-22,0.591351
CAD,2025-04-22,0.678819
USD,2025-04-23,0.941006
GBP,2025-04-23,1.144339
JPY,2025-04-23,0.006211
CHF,2025-04-23,1.012067
SEK,2025-04-23,0.089220
NOK,2025-04-23,0.086786
PLN,2025-04-23,0.237846
CZK,2025-04-23,0.041088
AUD,2025-04-23,0.590115
CAD,2025-04-23,0.679809
USD,2025-04-24,0.941936
GBP,2025-04-24,1.147991
JPY,2025-04-24,0.006222
CHF,2025-04-24,1.015399
SEK,2025-04-24,0.089249
NOK,2025-04-24,0.086882
PLN,2025-04-24,0.238188
CZK,2025-04-24,0.041081
AUD,2025-04-24,0.590487
CAD,2025-04-24,0.679520
USD,2025-04-25,0.939222
GBP,2025-04-25,1.144533
JPY,2025-04-25,0.006210
CHF,2025-04-25,1.015688
SEK,2025-04-25,0.089129
NOK,2025-04-25,0.086857
PLN,2025-04-25,0.239013
CZK,2025-04-25,0.041167
AUD,2025-04-25,0.591148
CAD,2025-04-25,0.678430
USD,2025-04-26,0.941088
GBP,2025-04-26,1.143052
JPY,2025-04-26,0.006194
CHF,2025-04-26,1.018698
SEK,2025-04-26,0.089385
NOK,2025-04-26,0.087108
PLN,2025-04-26,0.239619
CZK,2025-04-26,0.041212
AUD,2025-04-26,0.591927
CAD,2025-04-26,0.679532
USD,2025-04-27,0.943547
GBP,2025-04-27,1.139560
JPY,2025-04-27,0.006195
CHF,2025-04-27,1.018948
SEK,2025-04-27,0.089501
NOK,2025-04-27,0.086952
PLN,2025-04-27,0.239908
CZK,2025-04-27,0.041318
AUD,2025-04-27,0.593390
CAD,2025-04-27,0.681820
USD,2025-04-28,0.944958
GBP,2025-04-28,1.142131
JPY,2025-04-28,0.006194
CHF,2025-04-28,1.022114
SEK,2025-04-28,0.089777
NOK,2025-04-28,0.086933
PLN,2025-04-28,0.240573
CZK,2025-04-28,0.041254
AUD,2025-04-28,0.593319
CAD,2025-04-28,0.684142
USD,2025-04-29,0.947530
GBP,2025-04-29,1.144104
JPY,2025-04-29,0.006186
CHF,2025-04-29,1.022038
SEK,2025-04-29,0.089718
NOK,2025-04-29,0.086935
PLN,2025-04-29,0.239829
CZK,2025-04-29,0.041247
AUD,2025-04-29,0.592754
CAD,2025-04-29,0.684598
USD,2025-04-30,0.946537
GBP,2025-04-30,1.144691
JPY,2025-04-30,0.006189
CHF,2025-04-30,1.020992
SEK,2025-04-30,0.089874
NOK,2025-04-30,0.086649
PLN,2025-04-30,0.239477
CZK,2025-04-30,0.041245
AUD,2025-04-30,0.590757
CAD,2025-04-30,0.683504
USD,2025-05-01,0.943873
GBP,2025-05-01,1.145368
JPY,2025-05-01,0.006183
CHF,2025-05-01,1.020020
SEK,2025-05-01,0.090045
NOK,2025-05-01,0.086739
PLN,2025-05-01,0.239384
CZK,2025-05-01,0.041277
AUD,2025-05-01,0.589925
CAD,2025-05-01,0.682016
USD,2025-05-02,0.942115
GBP,2025-05-02,1.145206
JPY,2025-05-02,0.006173
CHF,2025-05-02,1.017868
SEK,2025-05-02,0.089788
NOK,2025-05-02,0.086845
PLN,2025-05-02,0.238782
CZK,2025-05-02,0.041325
AUD,2025-05-02,0.590957
CAD,2025-05-02,0.680501
USD,2025-05-03,0.944114
GBP,2025-05-03,1.144284
JPY,2025-05-03,0.006189
CHF,2025-05-03,1.017714
SEK,2025-05-03,0.089840
NOK,2025-05-03,0.086814
PLN,2025-05-03,0.239437
CZK,2025-05-03,0.041226
AUD,2025-05-03,0.589219
CAD,2025-05-03,0.682619
USD,2025-05-04,0.945436
GBP,2025-05-04,1.145206
JPY,2025-05-04,0.006168
CHF,2025-05-04,1.015907
SEK,2025-05-04,0.089623
NOK,2025-05-04,0.086997
PLN,2025-05-04,0.240249
CZK,2025-05-04,0.041226
AUD,2025-05-04,0.589383
CAD,2025-05-04,0.683551
USD,2025-05-05,0.943810
GBP,2025-05-05,1.144161
JPY,2025-05-05,0.006154
CHF,2025-05-05,1.015962
SEK,2025-05-05,0.089721
NOK,2025-05-05,0.086987
PLN,2025-05-05,0.240805
CZK,2025-05-05,0.041114
AUD,2025-05-05,0.587811
CAD,2025-05-05,0.683522
USD,2025-05-06,0.945789
GBP,2025-05-06,1.141378
JPY,2025-05-06,0.006169
CHF,2025-05-06,1.018765
SEK,2025-05-06,0.089425
NOK,2025-05-06,0.087291
PLN,2025-05-06,0.240328
CZK,2025-05-06,0.041079
AUD,2025-05-06,0.588689
CAD,2025-05-06,0.684649
USD,2025-05-07,0.946764
GBP,2025-05-07,1.140711
JPY,2025-05-07,0.006163
CHF,2025-05-07,1.019731
SEK,2025-05-07,0.089561
NOK,2025-05-07,0.087338
PLN,2025-05-07,0.240467
CZK,2025-05-07,0.041193
AUD,2025-05-07,0.587836
CAD,2025-05-07,0.682341
USD,2025-05-08,0.947886
GBP,2025-05-08,1.142237
JPY,2025-05-08,0.006173
CHF,2025-05-08,1.021972
SEK,2025-05-08,0.089868
NOK,2025-05-08,0.087449
PLN,2025-05-08,0.240589
CZK,2025-05-08,0.041249
AUD,2025-05-08,0.587837
CAD,2025-05-08,0.680912
USD,2025-05-09,0.947902
GBP,2025-05-09,1.138274
JPY,2025-05-09,0.006191
CHF,2025-05-09,1.022597
SEK,2025-05-09,0.090010
NOK,2025-05-09,0.087666
PLN,2025-05-09,0.240044
CZK,2025-05-09,0.041108
AUD,2025-05-09,0.585839
CAD,2025-05-09,0.682055
USD,2025-05-10,0.946833
GBP,2025-05-10,1.140068
JPY,2025-05-10,0.006212
CHF,2025-05-10,1.019762
SEK,2025-05-10,0.089812
NOK,2025-05-10,0.087585
PLN,2025-05-10,0.239305
CZK,2025-05-10,0.041252
AUD,2025-05-10,0.585266
CAD,2025-05-10,0.683674
USD,2025-05-11,0.945814
GBP,2025-05-11,1.142453
JPY,2025-05-11,0.006219
CHF,2025-05-11,1.019194
SEK,2025-05-11,0.089587
NOK,2025-05-11,0.087377
PLN,2025-05-11,0.238596
CZK,2025-05-11,0.041198
AUD,2025-05-11,0.585215
CAD,2025-05-11,0.682528
USD,2025-05-12,0.947026
GBP,2025-05-12,1.140075
JPY,2025-05-12,0.006221
CHF,2025-05-12,1.021645
SEK,2025-05-12,0.089828
NOK,2025-05-12,0.087611
PLN,2025-05-12,0.238096
CZK,2025-05-12,0.041135
AUD,2025-05-12,0.583367
CAD,2025-05-12,0.683378
USD,2025-05-13,0.946118
GBP,2025-05-13,1.143395
JPY,2025-05-13,0.006202
CHF,2025-05-13,1.018242
SEK,2025-05-13,0.089864
NOK,2025-05-13,0.087754
PLN,2025-05-13,0.238924
CZK,2025-05-13,0.041168
AUD,2025-05-13,0.583471
CAD,2025-05-13,0.685097
USD,2025-05-14,0.946255
GBP,2025-05-14,1.144451
JPY,2025-05-14,0.006194
CHF,2025-05-14,1.014900
SEK,2025-05-14,0.090090
NOK,2025-05-14,0.087691
PLN,2025-05-14,0.239255
CZK,2025-05-14,0.041241
AUD,2025-05-14,0.585007
CAD,2025-05-14,0.686063
USD,2025-05-15,0.943985
GBP,2025-05-15,1.141065
JPY,2025-05-15,0.006187
CHF,2025-05-15,1.011901
SEK,2025-05-15,0.089897
NOK,2025-05-15,0.087991
PLN,2025-05-15,0.239776
CZK,2025-05-15,0.041379
AUD,2025-05-15,0.584317
CAD,2025-05-15,0.686411
USD,2025-05-16,0.941232
GBP,2025-05-16,1.142393
JPY,2025-05-16,0.006184
CHF,2025-05-16,1.009054
SEK,2025-05-16,0.089775
NOK,2025-05-16,0.088054
PLN,2025-05-16,0.240472
CZK,2025-05-16,0.041388
AUD,2025-05-16,0.583662
CAD,2025-05-16,0.684623
USD,2025-05-17,0.943763
GBP,2025-05-17,1.146104
JPY,2025-05-17,0.006196
CHF,2025-05-17,1.007963
SEK,2025-05-17,0.089889
NOK,2025-05-17,0.087856
PLN,2025-05-17,0.240974
CZK,2025-05-17,0.041460
AUD,2025-05-17,0.585457
CAD,2025-05-17,0.686022
USD,2025-05-18,0.941752
GBP,2025-05-18,1.148753
JPY,2025-05-18,0.006193
CHF,2025-05-18,1.009621
SEK,2025-05-18,0.089787
NOK,2025-05-18,0.087993
PLN,2025-05-18,0.240195
CZK,2025-05-18,0.041441
AUD,2025-05-18,0.585613
CAD,2025-05-18,0.685362
USD,2025-05-19,0.944065
GBP,2025-05-19,1.148540
JPY,2025-05-19,0.006206
CHF,2025-05-19,1.011767
SEK,2025-05-19,0.089486
NOK,2025-05-19,0.087964
PLN,2025-05-19,0.239389
CZK,2025-05-19,0.041408
AUD,2025-05-19,0.584330
CAD,2025-05-19,0.684346
USD,2025-05-20,0.940896
GBP,2025-05-20,1.150157
JPY,2025-05-20,0.006201
CHF,2025-05-20,1.013563
SEK,2025-05-20,0.089757
NOK,2025-05-20,0.087732
PLN,2025-05-20,0.239792
CZK,2025-05-20,0.041379
AUD,2025-05-20,0.582690
CAD,2025-05-20,0.685119
USD,2025-05-21,0.941372
GBP,2025-05-21,1.151202
JPY,2025-05-21,0.006221
CHF,2025-05-21,1.011554
SEK,2025-05-21,0.090067
NOK,2025-05-21,0.087806
PLN,2025-05-21,0.240369
CZK,2025-05-21,0.041442
AUD,2025-05-21,0.582153
CAD,2025-05-21,0.683090
USD,2025-05-22,0.940476
GBP,2025-05-22,1.153223
JPY,2025-05-22,0.006211
CHF,2025-05-22,1.010625
SEK,2025-05-22,0.090045
NOK,2025-05-22,0.087657
PLN,2025-05-22,0.240644
CZK,2025-05-22,0.041583
AUD,2025-05-22,0.581706
CAD,2025-05-22,0.680869
USD,2025-05-23,0.939935
GBP,2025-05-23,1.154858
JPY,2025-05-23,0.006209
CHF,2025-05-23,1.010696
SEK,2025-05-23,0.090226
NOK,2025-05-23,0.087444
PLN,2025-05-23,0.240218
CZK,2025-05-23,0.041511
AUD,2025-05-23,0.582585
CAD,2025-05-23,0.683020
USD,2025-05-24,0.940138
GBP,2025-05-24,1.152779
JPY,2025-05-24,0.006196
CHF,2025-05-24,1.013867
SEK,2025-05-24,0.090226
NOK,2025-05-24,0.087534
PLN,2025-05-24,0.240711
CZK,2025-05-24,0.041399
AUD,2025-05-24,0.581692
CAD,2025-05-24,0.684034
USD,2025-05-25,0.939852
GBP,2025-05-25,1.154001
JPY,2025-05-25,0.006185
CHF,2025-05-25,1.012753
SEK,2025-05-25,0.090165
NOK,2025-05-25,0.087264
PLN,2025-05-25,0.240524
CZK,2025-05-25,0.041313
AUD,2025-05-25,0.582472
CAD,2025-05-25,0.683564
USD,2025-05-26,0.942137
GBP,2025-05-26,1.155880
JPY,2025-05-26,0.006167
CHF,2025-05-26,1.010046
SEK,2025-05-26,0.090172
NOK,2025-05-26,0.087502
PLN,2025-05-26,0.241287
CZK,2025-05-26,0.041397
AUD,2025-05-26,0.581360
CAD,2025-05-26,0.684211
USD,2025-05-27,0.941903
GBP,2025-05-27,1.152913
JPY,2025-05-27,0.006175
CHF,2025-05-27,1.013471
SEK,2025-05-27,0.090448
NOK,2025-05-27,0.087738
PLN,2025-05-27,0.241134
CZK,2025-05-27,0.041482
AUD,2025-05-27,0.581464
CAD,2025-05-27,0.682010
USD,2025-05-28,0.939279
GBP,2025-05-28,1.155239
JPY,2025-05-28,0.006175
CHF,2025-05-28,1.015130
SEK,2025-05-28,0.090691
NOK,2025-05-28,0.087918
PLN,2025-05-28,0.240553
CZK,2025-05-28,0.041444
AUD,2025-05-28,0.580561
CAD,2025-05-28,0.682612
USD,2025-05-29,0.938188
GBP,2025-05-29,1.151232
JPY,2025-05-29,0.006162
CHF,2025-05-29,1.016352
SEK,2025-05-29,0.090739
NOK,2025-05-29,0.087617
PLN,2025-05-29,0.240502
CZK,2025-05-29,0.041504
AUD,2025-05-29,0.581275
CAD,2025-05-29,0.680564
USD,2025-05-30,0.937898
GBP,2025-05-30,1.149613
JPY,2025-05-30,0.006150
CHF,2025-05-30,1.014458
SEK,2025-05-30,0.090867
NOK,2025-05-30,0.087404
PLN,2025-05-30,0.240520
CZK,2025-05-30,0.041466
AUD,2025-05-30,0.582286
CAD,2025-05-30,0.680093
USD,2025-05-31,0.939288
GBP,2025-05-31,1.145676
JPY,2025-05-31,0.006148
CHF,2025-05-31,1.016515
SEK,2025-05-31,0.090655
NOK,2025-05-31,0.087377
PLN,2025-05-31,0.241097
CZK,2025-05-31,0.041584
AUD,2025-05-31,0.582907
CAD,2025-05-31,0.681028
USD,2025-06-01,0.940177
GBP,2025-06-01,1.142387
JPY,2025-06-01,0.006128
CHF,2025-06-01,1.015525
SEK,2025-06-01,0.090427
NOK,2025-06-01,0.087583
PLN,2025-06-01,0.241658
CZK,2025-06-01,0.041665
AUD,2025-06-01,0.583391
CAD,2025-06-01,0.683078
USD,2025-06-02,0.938422
GBP,2025-06-02,1.143077
JPY,2025-06-02,0.006143
CHF,2025-06-02,1.012701
SEK,2025-06-02,0.090699
NOK,2025-06-02,0.087338
PLN,2025-06-02,0.242354
CZK,2025-06-02,0.041630
AUD,2025-06-02,0.584547
CAD,2025-06-02,0.682066
USD,2025-06-03,0.939742
GBP,2025-06-03,1.146792
JPY,2025-06-03,0.006133
CHF,2025-06-03,1.009958
SEK,2025-06-03,0.090858
NOK,2025-06-03,0.087199
PLN,2025-06-03,0.242059
CZK,2025-06-03,0.041621
AUD,2025-06-03,0.585328
CAD,2025-06-03,0.683769
USD,2025-06-04,0.941033
GBP,2025-06-04,1.145384
JPY,2025-06-04,0.006132
CHF,2025-06-04,1.007080
SEK,2025-06-04,0.091000
NOK,2025-06-04,0.087099
PLN,2025-06-04,0.241729
CZK,2025-06-04,0.041621
AUD,2025-06-04,0.586789
CAD,2025-06-04,0.683620
USD,2025-06-05,0.939729
GBP,2025-06-05,1.145572
JPY,2025-06-05,0.006153
CHF,2025-06-05,1.008609
SEK,2025-06-05,0.090693
NOK,2025-06-05,0.087310
PLN,2025-06-05,0.242051
CZK,2025-06-05,0.041680
AUD,2025-06-05,0.585200
CAD,2025-06-05,0.682315
USD,2025-06-06,0.937765
GBP,2025-06-06,1.145406
JPY,2025-06-06,0.006132
CHF,2025-06-06,1.007200
SEK,2025-06-06,0.090430
NOK,2025-06-06,0.087252
PLN,2025-06-06,0.242025
CZK,2025-06-06,0.041656
AUD,2025-06-06,0.583247
CAD,2025-06-06,0.680719
USD,2025-06-07,0.938542
GBP,2025-06-07,1.145571
JPY,2025-06-07,0.006115
CHF,2025-06-07,1.008715
SEK,2025-06-07,0.090492
NOK,2025-06-07,0.087069
PLN,2025-06-07,0.241472
CZK,2025-06-07,0.041723
AUD,2025-06-07,0.584284
CAD,2025-06-07,0.678408
USD,2025-06-08,0.936832
GBP,2025-06-08,1.147482
JPY,2025-06-08,0.006111
CHF,2025-06-08,1.009952
SEK,2025-06-08,0.090723
NOK,2025-06-08,0.086802
PLN,2025-06-08,0.242173
CZK,2025-06-08,0.041669
AUD,2025-06-08,0.584390
CAD,2025-06-08,0.676953
USD,2025-06-09,0.936955
GBP,2025-06-09,1.150979
JPY,2025-06-09,0.006120
CHF,2025-06-09,1.011195
SEK,2025-06-09,0.090602
NOK,2025-06-09,0.086789
PLN,2025-06-09,0.242726
CZK,2025-06-09,0.041696
AUD,2025-06-09,0.584932
CAD,2025-06-09,0.677749
USD,2025-06-10,0.940001
GBP,2025-06-10,1.149187
JPY,2025-06-10,0.006127
CHF,2025-06-10,1.011962
SEK,2025-06-10,0.090521
NOK,2025-06-10,0.086777
PLN,2025-06-10,0.243536
CZK,2025-06-10,0.041704
AUD,2025-06-10,0.584234
CAD,2025-06-10,0.679062
USD,2025-06-11,0.940208
GBP,2025-06-11,1.146083
JPY,2025-06-11,0.006111
CHF,2025-06-11,1.013023
SEK,2025-06-11,0.090788
NOK,2025-06-11,0.086798
PLN,2025-06-11,0.243346
CZK,2025-06-11,0.041633
AUD,2025-06-11,0.585211
CAD,2025-06-11,0.678341
USD,2025-06-12,0.940155
GBP,2025-06-12,1.145656
JPY,2025-06-12,0.006126
CHF,2025-06-12,1.016385
SEK,2025-06-12,0.090524
NOK,2025-06-12,0.086570
PLN,2025-06-12,0.242844
CZK,2025-06-12,0.041504
AUD,2025-06-12,0.585085
CAD,2025-06-12,0.679079
USD,2025-06-13,0.938601
GBP,2025-06-13,1.147871
JPY,2025-06-13,0.006133
CHF,2025-06-13,1.018726
SEK,2025-06-13,0.090752
NOK,2025-06-13,0.086626
PLN,2025-06-13,0.243675
CZK,2025-06-13,0.041625
AUD,2025-06-13,0.585138
CAD,2025-06-13,0.680400
USD,2025-06-14,0.939418
GBP,2025-06-14,1.145052
JPY,2025-06-14,0.006135
CHF,2025-06-14,1.020616
SEK,2025-06-14,0.090929
NOK,2025-06-14,0.086323
PLN,2025-06-14,0.242936
CZK,2025-06-14,0.041563
AUD,2025-06-14,0.586724
CAD,2025-06-14,0.681937
USD,2025-06-15,0.940000
GBP,2025-06-15,1.149030
JPY,2025-06-15,0.006150
CHF,2025-06-15,1.023322
SEK,2025-06-15,0.091011
NOK,2025-06-15,0.086412
PLN,2025-06-15,0.243611
CZK,2025-06-15,0.041466
AUD,2025-06-15,0.588063
CAD,2025-06-15,0.680635
USD,2025-06-16,0.939920
GBP,2025-06-16,1.145671
JPY,2025-06-16,0.006132
CHF,2025-06-16,1.020653
SEK,2025-06-16,0.090752
NOK,2025-06-16,0.086308
PLN,2025-06-16,0.243420
CZK,2025-06-16,0.041431
AUD,2025-06-16,0.589916
CAD,2025-06-16,0.678283
USD,2025-06-17,0.940040
GBP,2025-06-17,1.148595
JPY,2025-06-17,0.006122
CHF,2025-06-17,1.023724
SEK,2025-06-17,0.090954
NOK,2025-06-17,0.086221
PLN,2025-06-17,0.244161
CZK,2025-06-17,0.041408
AUD,2025-06-17,0.589847
CAD,2025-06-17,0.679673
USD,2025-06-18,0.937333
GBP,2025-06-18,1.148720
JPY,2025-06-18,0.006105
CHF,2025-06-18,1.023839
SEK,2025-06-18,0.091119
NOK,2025-06-18,0.085922
PLN,2025-06-18,0.244761
CZK,2025-06-18,0.041304
AUD,2025-06-18,0.590713
CAD,2025-06-18,0.679861
USD,2025-06-19,0.940380
GBP,2025-06-19,1.147511
JPY,2025-06-19,0.006102
CHF,2025-06-19,1.027036
SEK,2025-06-19,0.091302
NOK,2025-06-19,0.085806
PLN,2025-06-19,0.244270
CZK,2025-06-19,0.041440
AUD,2025-06-19,0.589864
CAD,2025-06-19,0.680627
USD,2025-06-20,0.938780
GBP,2025-06-20,1.150654
JPY,2025-06-20,0.006099
CHF,2025-06-20,1.025670
SEK,2025-06-20,0.091419
NOK,2025-06-20,0.085698
PLN,2025-06-20,0.244088
CZK,2025-06-20,0.041372
AUD,2025-06-20,0.589332
CAD,2025-06-20,0.681068
USD,2025-06-21,0.939748
GBP,2025-06-21,1.149708
JPY,2025-06-21,0.006088
CHF,2025-06-21,1.023762
SEK,2025-06-21,0.091109
NOK,2025-06-21,0.085784
PLN,2025-06-21,0.244616
CZK,2025-06-21,0.041322
AUD,2025-06-21,0.590027
CAD,2025-06-21,0.682862
USD,2025-06-22,0.939228
GBP,2025-06-22,1.150018
JPY,2025-06-22,0.006084
CHF,2025-06-22,1.020933
SEK,2025-06-22,0.091203
NOK,2025-06-22,0.085760
PLN,2025-06-22,0.244155
CZK,2025-06-22,0.041378
AUD,2025-06-22,0.590921
CAD,2025-06-22,0.682938
USD,2025-06-23,0.938701
GBP,2025-06-23,1.153608
JPY,2025-06-23,0.006086
CHF,2025-06-23,1.023827
SEK,2025-06-23,0.091227
NOK,2025-06-23,0.085896
PLN,2025-06-23,0.244092
CZK,2025-06-23,0.041328
AUD,2025-06-23,0.590146
CAD,2025-06-23,0.680794
USD,2025-06-24,0.940558
GBP,2025-06-24,1.154948
JPY,2025-06-24,0.006065
CHF,2025-06-24,1.023869
SEK,2025-06-24,0.091261
NOK,2025-06-24,0.085984
PLN,2025-06-24,0.243708
CZK,2025-06-24,0.041215
AUD,2025-06-24,0.592025
CAD,2025-06-24,0.681321
USD,2025-06-25,0.937533
GBP,2025-06-25,1.156201
JPY,2025-06-25,0.006054
CHF,2025-06-25,1.025892
SEK,2025-06-25,0.091408
NOK,2025-06-25,0.085737
PLN,2025-06-25,0.244507
CZK,2025-06-25,0.041095
AUD,2025-06-25,0.593025
CAD,2025-06-25,0.680266
USD,2025-06-26,0.936940
GBP,2025-06-26,1.158199
JPY,2025-06-26,0.006033
CHF,2025-06-26,1.028187
SEK,2025-06-26,0.091162
NOK,2025-06-26,0.085916
PLN,2025-06-26,0.244025
CZK,2025-06-26,0.041004
AUD,2025-06-26,0.591918
CAD,2025-06-26,0.681427
USD,2025-06-27,0.935982
GBP,2025-06-27,1.158516
JPY,2025-06-27,0.006036
CHF,2025-06-27,1.028091
SEK,2025-06-27,0.091230
NOK,2025-06-27,0.085855
PLN,2025-06-27,0.244104
CZK,2025-06-27,0.040923
AUD,2025-06-27,0.590261
CAD,2025-06-27,0.681098
USD,2025-06-28,0.934724
GBP,2025-06-28,1.158116
JPY,2025-06-28,0.006016
CHF,2025-06-28,1.026674
SEK,2025-06-28,0.091477
NOK,2025-06-28,0.085954
PLN,2025-06-28,0.244555
CZK,2025-06-28,0.040922
AUD,2025-06-28,0.589773
CAD,2025-06-28,0.683255
USD,2025-06-29,0.932379
GBP,2025-06-29,1.157386
JPY,2025-06-29,0.006006
CHF,2025-06-29,1.025248
SEK,2025-06-29,0.091378
NOK,2025-06-29,0.085814
PLN,2025-06-29,0.244747
CZK,2025-06-29,0.040866
AUD,2025-06-29,0.591158
CAD,2025-06-29,0.684687
USD,2025-06-30,0.934344
GBP,2025-06-30,1.155016
JPY,2025-06-30,0.006008
CHF,2025-06-30,1.028712
SEK,2025-06-30,0.091594
NOK,2025-06-30,0.085603
PLN,2025-06-30,0.244366
CZK,2025-06-30,0.040866
AUD,2025-06-30,0.590796
CAD,2025-06-30,0.685360
USD,2025-07-01,0.933685
GBP,2025-07-01,1.157527
JPY,2025-07-01,0.006011
CHF,2025-07-01,1.025737
SEK,2025-07-01,0.091286
NOK,2025-07-01,0.085901
PLN,2025-07-01,0.243769
CZK,2025-07-01,0.040920
AUD,2025-07-01,0.590631
CAD,2025-07-01,0.686789
USD,2025-07-02,0.931206
GBP,2025-07-02,1.160064
JPY,2025-07-02,0.006013
CHF,2025-07-02,1.025565
SEK,2025-07-02,0.090989
NOK,2025-07-02,0.085757
PLN,2025-07-02,0.244017
CZK,2025-07-02,0.040937
AUD,2025-07-02,0.589660
CAD,2025-07-02,0.687390
USD,2025-07-03,0.928727
GBP,2025-07-03,1.162038
JPY,2025-07-03,0.006027
CHF,2025-07-03,1.022486
SEK,2025-07-03,0.091118
NOK,2025-07-03,0.085907
PLN,2025-07-03,0.243928
CZK,2025-07-03,0.040877
AUD,2025-07-03,0.591421
CAD,2025-07-03,0.688833
USD,2025-07-04,0.926068
GBP,2025-07-04,1.164708
JPY,2025-07-04,0.006014
CHF,2025-07-04,1.023276
SEK,2025-07-04,0.091170
NOK,2025-07-04,0.086129
PLN,2025-07-04,0.243769
CZK,2025-07-04,0.040881
AUD,2025-07-04,0.592324
CAD,2025-07-04,0.690252
USD,2025-07-05,0.926701
GBP,2025-07-05,1.162723
JPY,2025-07-05,0.005993
CHF,2025-07-05,1.020122
SEK,2025-07-05,0.090944
NOK,2025-07-05,0.085832
PLN,2025-07-05,0.243999
CZK,2025-07-05,0.040908
AUD,2025-07-05,0.592806
CAD,2025-07-05,0.690196
USD,2025-07-06,0.924893
GBP,2025-07-06,1.164611
JPY,2025-07-06,0.005973
CHF,2025-07-06,1.022521
SEK,2025-07-06,0.090722
NOK,2025-07-06,0.085924
PLN,2025-07-06,0.243456
CZK,2025-07-06,0.040881
AUD,2025-07-06,0.592029
CAD,2025-07-06,0.690277
USD,2025-07-07,0.924241
GBP,2025-07-07,1.163690
JPY,2025-07-07,0.005974
CHF,2025-07-07,1.023302
SEK,2025-07-07,0.090839
NOK,2025-07-07,0.086115
PLN,2025-07-07,0.243929
CZK,2025-07-07,0.040989
AUD,2025-07-07,0.593864
CAD,2025-07-07,0.690840
USD,2025-07-08,0.922110
GBP,2025-07-08,1.163705
JPY,2025-07-08,0.005962
CHF,2025-07-08,1.026790
SEK,2025-07-08,0.090559
NOK,2025-07-08,0.085882
PLN,2025-07-08,0.244010
CZK,2025-07-08,0.041104
AUD,2025-07-08,0.594227
CAD,2025-07-08,0.689185
USD,2025-07-09,0.923143
GBP,2025-07-09,1.165320
JPY,2025-07-09,0.005973
CHF,2025-07-09,1.027516
SEK,2025-07-09,0.090567
NOK,2025-07-09,0.086080
PLN,2025-07-09,0.243568
CZK,2025-07-09,0.040983
AUD,2025-07-09,0.592387
CAD,2025-07-09,0.690788
USD,2025-07-10,0.923604
GBP,2025-07-10,1.161872
JPY,2025-07-10,0.005982
CHF,2025-07-10,1.025031
SEK,2025-07-10,0.090751
NOK,2025-07-10,0.086235
PLN,2025-07-10,0.244067
CZK,2025-07-10,0.041025
AUD,2025-07-10,0.591915
CAD,2025-07-10,0.691947
USD,2025-07-11,0.924744
GBP,2025-07-11,1.159214
JPY,2025-07-11,0.006001
CHF,2025-07-11,1.027813
SEK,2025-07-11,0.090955
NOK,2025-07-11,0.086427
PLN,2025-07-11,0.243542
CZK,2025-07-11,0.041031
AUD,2025-07-11,0.591863
CAD,2025-07-11,0.691927
USD,2025-07-12,0.927031
GBP,2025-07-12,1.159585
JPY,2025-07-12,0.006000
CHF,2025-07-12,1.029055
SEK,2025-07-12,0.091022
NOK,2025-07-12,0.086139
PLN,2025-07-12,0.242967
CZK,2025-07-12,0.041030
AUD,2025-07-12,0.591870
CAD,2025-07-12,0.691786
USD,2025-07-13,0.928213
GBP,2025-07-13,1.158195
JPY,2025-07-13,0.005993
CHF,2025-07-13,1.029199
SEK,2025-07-13,0.091249
NOK,2025-07-13,0.086073
PLN,2025-07-13,0.242831
CZK,2025-07-13,0.041074
AUD,2025-07-13,0.591769
CAD,2025-07-13,0.689992
USD,2025-07-14,0.929018
GBP,2025-07-14,1.155624
JPY,2025-07-14,0.006008
CHF,2025-07-14,1.032560
SEK,2025-07-14,0.091347
NOK,2025-07-14,0.086350
PLN,2025-07-14,0.242000
CZK,2025-07-14,0.041140
AUD,2025-07-14,0.590668
CAD,2025-07-14,0.691661
USD,2025-07-15,0.928993
GBP,2025-07-15,1.153840
JPY,2025-07-15,0.005999
CHF,2025-07-15,1.033346
SEK,2025-07-15,0.091501
NOK,2025-07-15,0.086620
PLN,2025-07-15,0.242405
CZK,2025-07-15,0.041231
AUD,2025-07-15,0.588760
CAD,2025-07-15,0.693860
USD,2025-07-16,0.931502
GBP,2025-07-16,1.150053
JPY,2025-07-16,0.006006
CHF,2025-07-16,1.030462
SEK,2025-07-16,0.091312
NOK,2025-07-16,0.086757
PLN,2025-07-16,0.242875
CZK,2025-07-16,0.041297
AUD,2025-07-16,0.589240
CAD,2025-07-16,0.693047
USD,2025-07-17,0.929341
GBP,2025-07-17,1.150865
JPY,2025-07-17,0.006006
CHF,2025-07-17,1.027627
SEK,2025-07-17,0.091394
NOK,2025-07-17,0.086464
PLN,2025-07-17,0.242703
CZK,2025-07-17,0.041383
AUD,2025-07-17,0.590730
CAD,2025-07-17,0.692304
USD,2025-07-18,0.930752
GBP,2025-07-18,1.148609
JPY,2025-07-18,0.006025
CHF,2025-07-18,1.029734
SEK,2025-07-18,0.091170
NOK,2025-07-18,0.086331
PLN,2025-07-18,0.243079
CZK,2025-07-18,0.041348
AUD,2025-07-18,0.592499
CAD,2025-07-18,0.691478
USD,2025-07-19,0.931630
GBP,2025-07-19,1.152166
JPY,2025-07-19,0.006046
CHF,2025-07-19,1.028119
SEK,2025-07-19,0.091423
NOK,2025-07-19,0.086312
PLN,2025-07-19,0.243376
CZK,2025-07-19,0.041430
AUD,2025-07-19,0.594340
CAD,2025-07-19,0.691836
USD,2025-07-20,0.928446
GBP,2025-07-20,1.153392
JPY,2025-07-20,0.006064
CHF,2025-07-20,1.026555
SEK,2025-07-20,0.091423
NOK,2025-07-20,0.086037
PLN,2025-07-20,0.243068
CZK,2025-07-20,0.041379
AUD,2025-07-20,0.596131
CAD,2025-07-20,0.689902
USD,2025-07-21,0.926922
GBP,2025-07-21,1.154391
JPY,2025-07-21,0.006052
CHF,2025-07-21,1.027805
SEK,2025-07-21,0.091444
NOK,2025-07-21,0.086236
PLN,2025-07-21,0.243448
CZK,2025-07-21,0.041266
AUD,2025-07-21,0.594254
CAD,2025-07-21,0.687911
USD,2025-07-22,0.924681
GBP,2025-07-22,1.153259
JPY,2025-07-22,0.006065
CHF,2025-07-22,1.027455
SEK,2025-07-22,0.091649
NOK,2025-07-22,0.085953
PLN,2025-07-22,0.243180
CZK,2025-07-22,0.041258
AUD,2025-07-22,0.596327
CAD,2025-07-22,0.688800
USD,2025-07-23,0.925113
GBP,2025-07-23,1.156187
JPY,2025-07-23,0.006058
CHF,2025-07-23,1.030514
SEK,2025-07-23,0.091917
NOK,2025-07-23,0.085834
PLN,2025-07-23,0.243630
CZK,2025-07-23,0.041209
AUD,2025-07-23,0.594454
CAD,2025-07-23,0.687383
USD,2025-07-24,0.927933
GBP,2025-07-24,1.158830
JPY,2025-07-24,0.006044
CHF,2025-07-24,1.030422
SEK,2025-07-24,0.092063
NOK,2025-07-24,0.085821
PLN,2025-07-24,0.243096
CZK,2025-07-24,0.041276
AUD,2025-07-24,0.593105
CAD,2025-07-24,0.689343
USD,2025-07-25,0.929468
GBP,2025-07-25,1.161784
JPY,2025-07-25,0.006059
CHF,2025-07-25,1.028215
SEK,2025-07-25,0.092164
NOK,2025-07-25,0.085875
PLN,2025-07-25,0.243846
CZK,2025-07-25,0.041200
AUD,2025-07-25,0.591769
CAD,2025-07-25,0.689572
USD,2025-07-26,0.932616
GBP,2025-07-26,1.163478
JPY,2025-07-26,0.006062
CHF,2025-07-26,1.026911
SEK,2025-07-26,0.092321
NOK,2025-07-26,0.085636
PLN,2025-07-26,0.244346
CZK,2025-07-26,0.041136
AUD,2025-07-26,0.591953
CAD,2025-07-26,0.687679
USD,2025-07-27,0.931161
GBP,2025-07-27,1.161984
JPY,2025-07-27,0.006042
CHF,2025-07-27,1.025234
SEK,2025-07-27,0.092453
NOK,2025-07-27,0.085458
PLN,2025-07-27,0.244730
CZK,2025-07-27,0.041077
AUD,2025-07-27,0.592433
CAD,2025-07-27,0.689864
USD,2025-07-28,0.927990
GBP,2025-07-28,1.164483
JPY,2025-07-28,0.006051
CHF,2025-07-28,1.025524
SEK,2025-07-28,0.092673
NOK,2025-07-28,0.085242
PLN,2025-07-28,0.244470
CZK,2025-07-28,0.041158
AUD,2025-07-28,0.594467
CAD,2025-07-28,0.689452
USD,2025-07-29,0.927460
GBP,2025-07-29,1.165279
JPY,2025-07-29,0.006046
CHF,2025-07-29,1.026687
SEK,2025-07-29,0.092677
NOK,2025-07-29,0.085523
PLN,2025-07-29,0.244589
CZK,2025-07-29,0.041291
AUD,2025-07-29,0.596436
CAD,2025-07-29,0.689819
USD,2025-07-30,0.928492
GBP,2025-07-30,1.162530
JPY,2025-07-30,0.006046
CHF,2025-07-30,1.029119
SEK,2025-07-30,0.092510
NOK,2025-07-30,0.085563
PLN,2025-07-30,0.243879
CZK,2025-07-30,0.041317
AUD,2025-07-30,0.597067
CAD,2025-07-30,0.690787
USD,2025-07-31,0.929176
GBP,2025-07-31,1.162574
JPY,2025-07-31,0.006063
CHF,2025-07-31,1.028463
SEK,2025-07-31,0.092382
NOK,2025-07-31,0.085718
PLN,2025-07-31,0.243143
CZK,2025-07-31,0.041330
AUD,2025-07-31,0.596810
CAD,2025-07-31,0.691368
USD,2025-08-01,0.930533
GBP,2025-08-01,1.161652
JPY,2025-08-01,0.006055
CHF,2025-08-01,1.027592
SEK,2025-08-01,0.092637
NOK,2025-08-01,0.085825
PLN,2025-08-01,0.242425
CZK,2025-08-01,0.041359
AUD,2025-08-01,0.598854
CAD,2025-08-01,0.691762
USD,2025-08-02,0.928325
GBP,2025-08-02,1.160317
JPY,2025-08-02,0.006070
CHF,2025-08-02,1.024251
SEK,2025-08-02,0.092440
NOK,2025-08-02,0.085919
PLN,2025-08-02,0.242830
CZK,2025-08-02,0.041308
AUD,2025-08-02,0.597939
CAD,2025-08-02,0.692743
USD,2025-08-03,0.929674
GBP,2025-08-03,1.163333
JPY,2025-08-03,0.006089
CHF,2025-08-03,1.027832
SEK,2025-08-03,0.092181
NOK,2025-08-03,0.085738
PLN,2025-08-03,0.242624
CZK,2025-08-03,0.041343
AUD,2025-08-03,0.598719
CAD,2025-08-03,0.690815
USD,2025-08-04,0.929712
GBP,2025-08-04,1.167155
JPY,2025-08-04,0.006073
CHF,2025-08-04,1.029349
SEK,2025-08-04,0.092021
NOK,2025-08-04,0.085522
PLN,2025-08-04,0.242841
CZK,2025-08-04,0.041472
AUD,2025-08-04,0.598804
CAD,2025-08-04,0.691877
USD,2025-08-05,0.932009
GBP,2025-08-05,1.166937
JPY,2025-08-05,0.006065
CHF,2025-08-05,1.029590
SEK,2025-08-05,0.092189
NOK,2025-08-05,0.085713
PLN,2025-08-05,0.242346
CZK,2025-08-05,0.041429
AUD,2025-08-05,0.599996
CAD,2025-08-05,0.691648
USD,2025-08-06,0.932834
GBP,2025-08-06,1.168175
JPY,2025-08-06,0.006051
CHF,2025-08-06,1.028853
SEK,2025-08-06,0.091952
NOK,2025-08-06,0.085462
PLN,2025-08-06,0.241671
CZK,2025-08-06,0.041392
AUD,2025-08-06,0.598469
CAD,2025-08-06,0.692874
USD,2025-08-07,0.934089
GBP,2025-08-07,1.167613
JPY,2025-08-07,0.006066
CHF,2025-08-07,1.029049
SEK,2025-08-07,0.091689
NOK,2025-08-07,0.085697
PLN,2025-08-07,0.241989
CZK,2025-08-07,0.041292
AUD,2025-08-07,0.599737
CAD,2025-08-07,0.691227
USD,2025-08-08,0.930948
GBP,2025-08-08,1.163843
JPY,2025-08-08,0.006053
CHF,2025-08-08,1.026720
SEK,2025-08-08,0.091675
NOK,2025-08-08,0.085887
PLN,2025-08-08,0.241148
CZK,2025-08-08,0.041435
AUD,2025-08-08,0.599822
CAD,2025-08-08,0.692525
USD,2025-08-09,0.928068
GBP,2025-08-09,1.165023
JPY,2025-08-09,0.006058
CHF,2025-08-09,1.028481
SEK,2025-08-09,0.091730
NOK,2025-08-09,0.085706
PLN,2025-08-09,0.241610
CZK,2025-08-09,0.041576
AUD,2025-08-09,0.599071
CAD,2025-08-09,0.691060
USD,2025-08-10,0.925215
GBP,2025-08-10,1.167685
JPY,2025-08-10,0.006058
CHF,2025-08-10,1.026015
SEK,2025-08-10,0.091591
NOK,2025-08-10,0.085747
PLN,2025-08-10,0.241534
CZK,2025-08-10,0.041630
AUD,2025-08-10,0.601021
CAD,2025-08-10,0.693403
USD,2025-08-11,0.924871
GBP,2025-08-11,1.167149
JPY,2025-08-11,0.006048
CHF,2025-08-11,1.027847
SEK,2025-08-11,0.091876
NOK,2025-08-11,0.085738
PLN,2025-08-11,0.242028
CZK,2025-08-11,0.041501
AUD,2025-08-11,0.600651
CAD,2025-08-11,0.692376
USD,2025-08-12,0.922896
GBP,2025-08-12,1.165335
JPY,2025-08-12,0.006062
CHF,2025-08-12,1.030132
SEK,2025-08-12,0.091860
NOK,2025-08-12,0.085639
PLN,2025-08-12,0.242522
CZK,2025-08-12,0.041590
AUD,2025-08-12,0.600988
CAD,2025-08-12,0.693251
USD,2025-08-13,0.919738
GBP,2025-08-13,1.168356
JPY,2025-08-13,0.006054
CHF,2025-08-13,1.026979
SEK,2025-08-13,0.091757
NOK,2025-08-13,0.085887
PLN,2025-08-13,0.241823
CZK,2025-08-13,0.041469
AUD,2025-08-13,0.602708
CAD,2025-08-13,0.692054
USD,2025-08-14,0.920165
GBP,2025-08-14,1.167780
JPY,2025-08-14,0.006060
CHF,2025-08-14,1.025312
SEK,2025-08-14,0.091531
NOK,2025-08-14,0.086073
PLN,2025-08-14,0.241981
CZK,2025-08-14,0.041537
AUD,2025-08-14,0.602658
CAD,2025-08-14,0.690295
USD,2025-08-15,0.918582
GBP,2025-08-15,1.171563
JPY,2025-08-15,0.006077
CHF,2025-08-15,1.024850
SEK,2025-08-15,0.091378
NOK,2025-08-15,0.086307
PLN,2025-08-15,0.241577
CZK,2025-08-15,0.041511
AUD,2025-08-15,0.604573
CAD,2025-08-15,0.692395
USD,2025-08-16,0.920572
GBP,2025-08-16,1.174247
JPY,2025-08-16,0.006086
CHF,2025-08-16,1.021647
SEK,2025-08-16,0.091676
NOK,2025-08-16,0.086463
PLN,2025-08-16,0.241319
CZK,2025-08-16,0.041625
AUD,2025-08-16,0.604122
CAD,2025-08-16,0.693452
USD,2025-08-17,0.918626
GBP,2025-08-17,1.174350
JPY,2025-08-17,0.006074
CHF,2025-08-17,1.019408
SEK,2025-08-17,0.091746
NOK,2025-08-17,0.086689
PLN,2025-08-17,0.241949
CZK,2025-08-17,0.041541
AUD,2025-08-17,0.602405
CAD,2025-08-17,0.692035
USD,2025-08-18,0.916214
GBP,2025-08-18,1.170961
JPY,2025-08-18,0.006063
CHF,2025-08-18,1.022073
SEK,2025-08-18,0.091427
NOK,2025-08-18,0.086403
PLN,2025-08-18,0.241427
CZK,2025-08-18,0.041500
AUD,2025-08-18,0.603033
CAD,2025-08-18,0.694252
USD,2025-08-19,0.915171
GBP,2025-08-19,1.173990
JPY,2025-08-19,0.006069
CHF,2025-08-19,1.023998
SEK,2025-08-19,0.091719
NOK,2025-08-19,0.086391
PLN,2025-08-19,0.240982
CZK,2025-08-19,0.041617
AUD,2025-08-19,0.601534
CAD,2025-08-19,0.693428
USD,2025-08-20,0.913486
GBP,2025-08-20,1.174546
JPY,2025-08-20,0.006064
CHF,2025-08-20,1.024394
SEK,2025-08-20,0.091743
NOK,2025-08-20,0.086217
PLN,2025-08-20,0.241400
CZK,2025-08-20,0.041653
AUD,2025-08-20,0.601573
CAD,2025-08-20,0.693741
USD,2025-08-21,0.914694
GBP,2025-08-21,1.172132
JPY,2025-08-21,0.006084
CHF,2025-08-21,1.024456
SEK,2025-08-21,0.091647
NOK,2025-08-21,0.086111
PLN,2025-08-21,0.241029
CZK,2025-08-21,0.041543
AUD,2025-08-21,0.600840
CAD,2025-08-21,0.693863
USD,2025-08-22,0.916027
GBP,2025-08-22,1.172177
JPY,2025-08-22,0.006087
CHF,2025-08-22,1.021203
SEK,2025-08-22,0.091615
NOK,2025-08-22,0.086198
PLN,2025-08-22,0.241434
CZK,2025-08-22,0.041666
AUD,2025-08-22,0.602582
CAD,2025-08-22,0.692455
USD,2025-08-23,0.919164
GBP,2025-08-23,1.171543
JPY,2025-08-23,0.006078
CHF,2025-08-23,1.019134
SEK,2025-08-23,0.091594
NOK,2025-08-23,0.086416
PLN,2025-08-23,0.241918
CZK,2025-08-23,0.041535
AUD,2025-08-23,0.601529
CAD,2025-08-23,0.691488
USD,2025-08-24,0.918734
GBP,2025-08-24,1.171507
JPY,2025-08-24,0.006060
CHF,2025-08-24,1.018783
SEK,2025-08-24,0.091672
NOK,2025-08-24,0.086557
PLN,2025-08-24,0.241953
CZK,2025-08-24,0.041589
AUD,2025-08-24,0.600124
CAD,2025-08-24,0.689886
USD,2025-08-25,0.920503
GBP,2025-08-25,1.171837
JPY,2025-08-25,0.006052
CHF,2025-08-25,1.017550
SEK,2025-08-25,0.091444
NOK,2025-08-25,0.086777
PLN,2025-08-25,0.242605
CZK,2025-08-25,0.041642
AUD,2025-08-25,0.600481
CAD,2025-08-25,0.692171
USD,2025-08-26,0.917858
GBP,2025-08-26,1.169975
JPY,2025-08-26,0.006031
CHF,2025-08-26,1.019464
SEK,2025-08-26,0.091277
NOK,2025-08-26,0.087051
PLN,2025-08-26,0.241878
CZK,2025-08-26,0.041621
AUD,2025-08-26,0.600427
CAD,2025-08-26,0.694120
USD,2025-08-27,0.917491
GBP,2025-08-27,1.173705
JPY,2025-08-27,0.006028
CHF,2025-08-27,1.021001
SEK,2025-08-27,0.091315
NOK,2025-08-27,0.086863
PLN,2025-08-27,0.242441
CZK,2025-08-27,0.041502
AUD,2025-08-27,0.599401
CAD,2025-08-27,0.696430
USD,2025-08-28,0.920204
GBP,2025-08-28,1.170716
JPY,2025-08-28,0.006026
CHF,2025-08-28,1.019939
SEK,2025-08-28,0.091447
NOK,2025-08-28,0.087073
PLN,2025-08-28,0.242104
CZK,2025-08-28,0.041631
AUD,2025-08-28,0.600176
CAD,2025-08-28,0.695035
USD,2025-08-29,0.923235
GBP,2025-08-29,1.167924
JPY,2025-08-29,0.006015
CHF,2025-08-29,1.020284
SEK,2025-08-29,0.091455
NOK,2025-08-29,0.087297
PLN,2025-08-29,0.241365
CZK,2025-08-29,0.041657
AUD,2025-08-29,0.598441
CAD,2025-08-29,0.697344
USD,2025-08-30,0.926262
GBP,2025-08-30,1.169083
JPY,2025-08-30,0.006020
CHF,2025-08-30,1.018771
SEK,2025-08-30,0.091376
NOK,2025-08-30,0.087294
PLN,2025-08-30,0.241783
CZK,2025-08-30,0.041532
AUD,2025-08-30,0.598336
CAD,2025-08-30,0.697645
USD,2025-08-31,0.924988
GBP,2025-08-31,1.170040
JPY,2025-08-31,0.006033
CHF,2025-08-31,1.022106
SEK,2025-08-31,0.091136
NOK,2025-08-31,0.087305
PLN,2025-08-31,0.241122
CZK,2025-08-31,0.041476
AUD,2025-08-31,0.600372
CAD,2025-08-31,0.698079
USD,2025-09-01,0.923659
GBP,2025-09-01,1.172319
JPY,2025-09-01,0.006036
CHF,2025-09-01,1.020576
SEK,2025-09-01,0.091362
NOK,2025-09-01,0.087556
PLN,2025-09-01,0.240406
CZK,2025-09-01,0.041576
AUD,2025-09-01,0.600365
CAD,2025-09-01,0.700051
USD,2025-09-02,0.921368
GBP,2025-09-02,1.168320
JPY,2025-09-02,0.006016
CHF,2025-09-02,1.023459
SEK,2025-09-02,0.091176
NOK,2025-09-02,0.087642
PLN,2025-09-02,0.241108
CZK,2025-09-02,0.041456
AUD,2025-09-02,0.601622
CAD,2025-09-02,0.698372
USD,2025-09-03,0.920952
GBP,2025-09-03,1.164697
JPY,2025-09-03,0.006023
CHF,2025-09-03,1.022330
SEK,2025-09-03,0.091488
NOK,2025-09-03,0.087399
PLN,2025-09-03,0.241751
CZK,2025-09-03,0.041468
AUD,2025-09-03,0.599662
CAD,2025-09-03,0.696182
USD,2025-09-04,0.924125
GBP,2025-09-04,1.165323
JPY,2025-09-04,0.006029
CHF,2025-09-04,1.022683
SEK,2025-09-04,0.091542
NOK,2025-09-04,0.087674
PLN,2025-09-04,0.241906
CZK,2025-09-04,0.041443
AUD,2025-09-04,0.599206
CAD,2025-09-04,0.697919
USD,2025-09-05,0.924215
GBP,2025-09-05,1.167619
JPY,2025-09-05,0.006031
CHF,2025-09-05,1.019143
SEK,2025-09-05,0.091531
NOK,2025-09-05,0.087919
PLN,2025-09-05,0.242345
CZK,2025-09-05,0.041427
AUD,2025-09-05,0.600668
CAD,2025-09-05,0.699059
USD,2025-09-06,0.925435
GBP,2025-09-06,1.165959
JPY,2025-09-06,0.006034
CHF,2025-09-06,1.015796
SEK,2025-09-06,0.091785
NOK,2025-09-06,0.087612
PLN,2025-09-06,0.242389
CZK,2025-09-06,0.041318
AUD,2025-09-06,0.600021
CAD,2025-09-06,0.700169
USD,2025-09-07,0.926488
GBP,2025-09-07,1.164612
JPY,2025-09-07,0.006029
CHF,2025-09-07,1.012815
SEK,2025-09-07,0.091555
NOK,2025-09-07,0.087902
PLN,2025-09-07,0.242136
CZK,2025-09-07,0.041372
AUD,2025-09-07,0.601115
CAD,2025-09-07,0.701540
USD,2025-09-08,0.928115
GBP,2025-09-08,1.167744
JPY,2025-09-08,0.006044
CHF,2025-09-08,1.013976
SEK,2025-09-08,0.091260
NOK,2025-09-08,0.088199
PLN,2025-09-08,0.241407
CZK,2025-09-08,0.041377
AUD,2025-09-08,0.600834
CAD,2025-09-08,0.701536
USD,2025-09-09,0.930136
GBP,2025-09-09,1.171076
JPY,2025-09-09,0.006056
CHF,2025-09-09,1.014781
SEK,2025-09-09,0.091147
NOK,2025-09-09,0.088461
PLN,2025-09-09,0.241001
CZK,2025-09-09,0.041404
AUD,2025-09-09,0.599924
CAD,2025-09-09,0.699344
USD,2025-09-10,0.929847
GBP,2025-09-10,1.169892
JPY,2025-09-10,0.006043
CHF,2025-09-10,1.017655
SEK,2025-09-10,0.090840
NOK,2025-09-10,0.088264
PLN,2025-09-10,0.241035
CZK,2025-09-10,0.041323
AUD,2025-09-10,0.599901
CAD,2025-09-10,0.698000
USD,2025-09-11,0.930874
GBP,2025-09-11,1.171389
JPY,2025-09-11,0.006023
CHF,2025-09-11,1.014295
SEK,2025-09-11,0.090584
NOK,2025-09-11,0.088074
PLN,2025-09-11,0.240685
CZK,2025-09-11,0.041394
AUD,2025-09-11,0.600884
CAD,2025-09-11,0.697091
USD,2025-09-12,0.929267
GBP,2025-09-12,1.172504
JPY,2025-09-12,0.006016
CHF,2025-09-12,1.011489
SEK,2025-09-12,0.090761
NOK,2025-09-12,0.088139
PLN,2025-09-12,0.241495
CZK,2025-09-12,0.041488
AUD,2025-09-12,0.602332
CAD,2025-09-12,0.696527
USD,2025-09-13,0.926731
GBP,2025-09-13,1.172449
JPY,2025-09-13,0.006005
CHF,2025-09-13,1.011029
SEK,2025-09-13,0.090819
NOK,2025-09-13,0.087843
PLN,2025-09-13,0.242072
CZK,2025-09-13,0.041423
AUD,2025-09-13,0.601396
CAD,2025-09-13,0.698852
USD,2025-09-14,0.929173
GBP,2025-09-14,1.175235
JPY,2025-09-14,0.006014
CHF,2025-09-14,1.009726
SEK,2025-09-14,0.090515
NOK,2025-09-14,0.087922
PLN,2025-09-14,0.242354
CZK,2025-09-14,0.041371
AUD,2025-09-14,0.602365
CAD,2025-09-14,0.698425
USD,2025-09-15,0.928668
GBP,2025-09-15,1.178876
JPY,2025-09-15,0.005999
CHF,2025-09-15,1.013136
SEK,2025-09-15,0.090502
NOK,2025-09-15,0.087778
PLN,2025-09-15,0.242144
CZK,2025-09-15,0.041297
AUD,2025-09-15,0.603288
CAD,2025-09-15,0.699494
USD,2025-09-16,0.928188
GBP,2025-09-16,1.175123
JPY,2025-09-16,0.005996
CHF,2025-09-16,1.011136
SEK,2025-09-16,0.090568
NOK,2025-09-16,0.087744
PLN,2025-09-16,0.242134
CZK,2025-09-16,0.041343
AUD,2025-09-16,0.602541
CAD,2025-09-16,0.701840
USD,2025-09-17,0.926917
GBP,2025-09-17,1.176223
JPY,2025-09-17,0.006012
CHF,2025-09-17,1.011370
SEK,2025-09-17,0.090758
NOK,2025-09-17,0.087993
PLN,2025-09-17,0.242415
CZK,2025-09-17,0.041452
AUD,2025-09-17,0.600881
CAD,2025-09-17,0.701627
USD,2025-09-18,0.928701
GBP,2025-09-18,1.177768
JPY,2025-09-18,0.006032
CHF,2025-09-18,1.012684
SEK,2025-09-18,0.090943
NOK,2025-09-18,0.087859
PLN,2025-09-18,0.242850
CZK,2025-09-18,0.041525
AUD,2025-09-18,0.602140
CAD,2025-09-18,0.703332
USD,2025-09-19,0.926905
GBP,2025-09-19,1.179354
JPY,2025-09-19,0.006017
CHF,2025-09-19,1.011508
SEK,2025-09-19,0.091214
NOK,2025-09-19,0.087774
PLN,2025-09-19,0.243037
CZK,2025-09-19,0.041498
AUD,2025-09-19,0.600126
CAD,2025-09-19,0.703768
USD,2025-09-20,0.929824
GBP,2025-09-20,1.180304
JPY,2025-09-20,0.006017
CHF,2025-09-20,1.012261
SEK,2025-09-20,0.090966
NOK,2025-09-20,0.087785
PLN,2025-09-20,0.243829
CZK,2025-09-20,0.041546
AUD,2025-09-20,0.602125
CAD,2025-09-20,0.706065
USD,2025-09-21,0.927528
GBP,2025-09-21,1.176506
JPY,2025-09-21,0.006031
CHF,2025-09-21,1.013581
SEK,2025-09-21,0.091056
NOK,2025-09-21,0.087479
PLN,2025-09-21,0.243205
CZK,2025-09-21,0.041466
AUD,2025-09-21,0.604190
CAD,2025-09-21,0.708275
USD,2025-09-22,0.930771
GBP,2025-09-22,1.172815
JPY,2025-09-22,0.006017
CHF,2025-09-22,1.012731
SEK,2025-09-22,0.090911
NOK,2025-09-22,0.087649
PLN,2025-09-22,0.242701
CZK,2025-09-22,0.041590
AUD,2025-09-22,0.602772
CAD,2025-09-22,0.706234
USD,2025-09-23,0.930476
GBP,2025-09-23,1.176872
JPY,2025-09-23,0.006002
CHF,2025-09-23,1.009956
SEK,2025-09-23,0.090924
NOK,2025-09-23,0.087609
PLN,2025-09-23,0.242767
CZK,2025-09-23,0.041484
AUD,2025-09-23,0.601018
CAD,2025-09-23,0.704966
USD,2025-09-24,0.931318
GBP,2025-09-24,1.173002
JPY,2025-09-24,0.006013
CHF,2025-09-24,1.008610
SEK,2025-09-24,0.090793
NOK,2025-09-24,0.087883
PLN,2025-09-24,0.242352
CZK,2025-09-24,0.041532
AUD,2025-09-24,0.602121
CAD,2025-09-24,0.704038
USD,2025-09-25,0.933648
GBP,2025-09-25,1.174873
JPY,2025-09-25,0.006012
CHF,2025-09-25,1.006090
SEK,2025-09-25,0.090684
NOK,2025-09-25,0.087646
PLN,2025-09-25,0.242472
CZK,2025-09-25,0.041628
AUD,2025-09-25,0.602206
CAD,2025-09-25,0.704583
USD,2025-09-26,0.930768
GBP,2025-09-26,1.178605
JPY,2025-09-26,0.006007
CHF,2025-09-26,1.008571
SEK,2025-09-26,0.090556
NOK,2025-09-26,0.087426
PLN,2025-09-26,0.241738
CZK,2025-09-26,0.041726
AUD,2025-09-26,0.603534
CAD,2025-09-26,0.702849
USD,2025-09-27,0.932452
GBP,2025-09-27,1.174753
JPY,2025-09-27,0.006022
CHF,2025-09-27,1.006928
SEK,2025-09-27,0.090248
NOK,2025-09-27,0.087631
PLN,2025-09-27,0.241052
CZK,2025-09-27,0.041849
AUD,2025-09-27,0.604786
CAD,2025-09-27,0.702942
USD,2025-09-28,0.931065
GBP,2025-09-28,1.178267
JPY,2025-09-28,0.006027
CHF,2025-09-28,1.008230
SEK,2025-09-28,0.090160
NOK,2025-09-28,0.087775
PLN,2025-09-28,0.241050
CZK,2025-09-28,0.041731
AUD,2025-09-28,0.603376
CAD,2025-09-28,0.704203
USD,2025-09-29,0.934256
GBP,2025-09-29,1.175902
JPY,2025-09-29,0.006025
CHF,2025-09-29,1.006832
SEK,2025-09-29,0.090201
NOK,2025-09-29,0.087863
PLN,2025-09-29,0.241322
CZK,2025-09-29,0.041642
AUD,2025-09-29,0.602772
CAD,2025-09-29,0.702677
USD,2025-09-30,0.933898
GBP,2025-09-30,1.173054
JPY,2025-09-30,0.006037
CHF,2025-09-30,1.007805
SEK,2025-09-30,0.090425
NOK,2025-09-30,0.088065
PLN,2025-09-30,0.241253
CZK,2025-09-30,0.041691
AUD,2025-09-30,0.602676
CAD,2025-09-30,0.701390
USD,2025-10-01,0.933746
GBP,2025-10-01,1.176621
JPY,2025-10-01,0.006046
CHF,2025-10-01,1.004506
SEK,2025-10-01,0.090552
NOK,2025-10-01,0.088291
PLN,2025-10-01,0.240805
CZK,2025-10-01,0.041798
AUD,2025-10-01,0.603869
CAD,2025-10-01,0.703361
USD,2025-10-02,0.934861
GBP,2025-10-02,1.172765
JPY,2025-10-02,0.006055
CHF,2025-10-02,1.004791
SEK,2025-10-02,0.090816
NOK,2025-10-02,0.088446
PLN,2025-10-02,0.240724
CZK,2025-10-02,0.041869
AUD,2025-10-02,0.605983
CAD,2025-10-02,0.702813
USD,2025-10-03,0.937181
GBP,2025-10-03,1.174396
JPY,2025-10-03,0.006065
CHF,2025-10-03,1.006473
SEK,2025-10-03,0.090728
NOK,2025-10-03,0.088179
PLN,2025-10-03,0.241051
CZK,2025-10-03,0.041837
AUD,2025-10-03,0.604780
CAD,2025-10-03,0.700623
USD,2025-10-04,0.934016
GBP,2025-10-04,1.173510
JPY,2025-10-04,0.006049
CHF,2025-10-04,1.006104
SEK,2025-10-04,0.090821
NOK,2025-10-04,0.088154
PLN,2025-10-04,0.241370
CZK,2025-10-04,0.041701
AUD,2025-10-04,0.605074
CAD,2025-10-04,0.701873
USD,2025-10-05,0.936069
GBP,2025-10-05,1.171882
JPY,2025-10-05,0.006032
CHF,2025-10-05,1.008958
SEK,2025-10-05,0.090679
NOK,2025-10-05,0.088140
PLN,2025-10-05,0.242086
CZK,2025-10-05,0.041584
AUD,2025-10-05,0.605339
CAD,2025-10-05,0.703118
USD,2025-10-06,0.934452
GBP,2025-10-06,1.170505
JPY,2025-10-06,0.006042
CHF,2025-10-06,1.011880
SEK,2025-10-06,0.090893
NOK,2025-10-06,0.088016
PLN,2025-10-06,0.242920
CZK,2025-10-06,0.041439
AUD,2025-10-06,0.605481
CAD,2025-10-06,0.701449
USD,2025-10-07,0.932418
GBP,2025-10-07,1.172306
JPY,2025-10-07,0.006052
CHF,2025-10-07,1.012898
SEK,2025-10-07,0.090847
NOK,2025-10-07,0.088135
PLN,2025-10-07,0.242898
CZK,2025-10-07,0.041459
AUD,2025-10-07,0.606278
CAD,2025-10-07,0.703708
USD,2025-10-08,0.931124
GBP,2025-10-08,1.168885
JPY,2025-10-08,0.006044
CHF,2025-10-08,1.011845
SEK,2025-10-08,0.090860
NOK,2025-10-08,0.088418
PLN,2025-10-08,0.242316
CZK,2025-10-08,0.041454
AUD,2025-10-08,0.605889
CAD,2025-10-08,0.701885
USD,2025-10-09,0.928337
GBP,2025-10-09,1.169879
JPY,2025-10-09,0.006049
CHF,2025-10-09,1.015301
SEK,2025-10-09,0.090744
NOK,2025-10-09,0.088368
PLN,2025-10-09,0.242326
CZK,2025-10-09,0.041383
AUD,2025-10-09,0.603895
CAD,2025-10-09,0.703730
USD,2025-10-10,0.928778
GBP,2025-10-10,1.168065
JPY,2025-10-10,0.006034
CHF,2025-10-10,1.013310
SEK,2025-10-10,0.090453
NOK,2025-10-10,0.088455
PLN,2025-10-10,0.242547
CZK,2025-10-10,0.041323
AUD,2025-10-10,0.605215
CAD,2025-10-10,0.705522
USD,2025-10-11,0.931170
GBP,2025-10-11,1.166480
JPY,2025-10-11,0.006015
CHF,2025-10-11,1.015723
SEK,2025-10-11,0.090238
NOK,2025-10-11,0.088577
PLN,2025-10-11,0.243008
CZK,2025-10-11,0.041351
AUD,2025-10-11,0.606122
CAD,2025-10-11,0.704379
USD,2025-10-12,0.932086
GBP,2025-10-12,1.169310
JPY,2025-10-12,0.006000
CHF,2025-10-12,1.016070
SEK,2025-10-12,0.090403
NOK,2025-10-12,0.088565
PLN,2025-10-12,0.242822
CZK,2025-10-12,0.041302
AUD,2025-10-12,0.605557
CAD,2025-10-12,0.705326
USD,2025-10-13,0.929631
GBP,2025-10-13,1.171838
JPY,2025-10-13,0.006006
CHF,2025-10-13,1.014170
SEK,2025-10-13,0.090490
NOK,2025-10-13,0.088348
PLN,2025-10-13,0.242433
CZK,2025-10-13,0.041202
AUD,2025-10-13,0.606968
CAD,2025-10-13,0.704387
USD,2025-10-14,0.932310
GBP,2025-10-14,1.172932
JPY,2025-10-14,0.006009
CHF,2025-10-14,1.016121
SEK,2025-10-14,0.090677
NOK,2025-10-14,0.088478
PLN,2025-10-14,0.243254
CZK,2025-10-14,0.041238
AUD,2025-10-14,0.609042
CAD,2025-10-14,0.705758
USD,2025-10-15,0.931781
GBP,2025-10-15,1.176595
JPY,2025-10-15,0.006003
CHF,2025-10-15,1.013686
SEK,2025-10-15,0.090502
NOK,2025-10-15,0.088526
PLN,2025-10-15,0.242836
CZK,2025-10-15,0.041213
AUD,2025-10-15,0.607165
CAD,2025-10-15,0.705633
USD,2025-10-16,0.931550
GBP,2025-10-16,1.177213
JPY,2025-10-16,0.005994
CHF,2025-10-16,1.014521
SEK,2025-10-16,0.090442
NOK,2025-10-16,0.088376
PLN,2025-10-16,0.243165
CZK,2025-10-16,0.041311
AUD,2025-10-16,0.605057
CAD,2025-10-16,0.708034
USD,2025-10-17,0.931900
GBP,2025-10-17,1.174706
JPY,2025-10-17,0.006003
CHF,2025-10-17,1.012333
SEK,2025-10-17,0.090612
NOK,2025-10-17,0.088352
PLN,2025-10-17,0.242461
CZK,2025-10-17,0.041206
AUD,2025-10-17,0.603750
CAD,2025-10-17,0.708876
USD,2025-10-18,0.929115
GBP,2025-10-18,1.176099
JPY,2025-10-18,0.005984
CHF,2025-10-18,1.011460
SEK,2025-10-18,0.090582
NOK,2025-10-18,0.088238
PLN,2025-10-18,0.242483
CZK,2025-10-18,0.041222
AUD,2025-10-18,0.605494
CAD,2025-10-18,0.708890
USD,2025-10-19,0.926051
GBP,2025-10-19,1.174346
JPY,2025-10-19,0.005998
CHF,2025-10-19,1.010133
SEK,2025-10-19,0.090893
NOK,2025-10-19,0.088198
PLN,2025-10-19,0.242538
CZK,2025-10-19,0.041267
AUD,2025-10-19,0.606168
CAD,2025-10-19,0.709118
USD,2025-10-20,0.924758
GBP,2025-10-20,1.175500
JPY,2025-10-20,0.006002
CHF,2025-10-20,1.012564
SEK,2025-10-20,0.090867
NOK,2025-10-20,0.088454
PLN,2025-10-20,0.242719
CZK,2025-10-20,0.041386
AUD,2025-10-20,0.605955
CAD,2025-10-20,0.707286
USD,2025-10-21,0.922038
GBP,2025-10-21,1.179485
JPY,2025-10-21,0.006014
CHF,2025-10-21,1.015092
SEK,2025-10-21,0.091016
NOK,2025-10-21,0.088717
PLN,2025-10-21,0.243434
CZK,2025-10-21,0.041426
AUD,2025-10-21,0.603874
CAD,2025-10-21,0.708494
USD,2025-10-22,0.919946
GBP,2025-10-22,1.177819
JPY,2025-10-22,0.006014
CHF,2025-10-22,1.013893
SEK,2025-10-22,0.090990
NOK,2025-10-22,0.088817
PLN,2025-10-22,0.243337
CZK,2025-10-22,0.041495
AUD,2025-10-22,0.605190
CAD,2025-10-22,0.706978
USD,2025-10-23,0.917753
GBP,2025-10-23,1.181098
JPY,2025-10-23,0.006020
CHF,2025-10-23,1.010703
SEK,2025-10-23,0.091189
NOK,2025-10-23,0.088897
PLN,2025-10-23,0.243366
CZK,2025-10-23,0.041601
AUD,2025-10-23,0.606575
CAD,2025-10-23,0.709299
USD,2025-10-24,0.918741
GBP,2025-10-24,1.184754
JPY,2025-10-24,0.006006
CHF,2025-10-24,1.009538
SEK,2025-10-24,0.091288
NOK,2025-10-24,0.088964
PLN,2025-10-24,0.244060
CZK,2025-10-24,0.041534
AUD,2025-10-24,0.608325
CAD,2025-10-24,0.709581
USD,2025-10-25,0.920627
GBP,2025-10-25,1.183894
JPY,2025-10-25,0.005994
CHF,2025-10-25,1.009796
SEK,2025-10-25,0.091241
NOK,2025-10-25,0.089147
PLN,2025-10-25,0.243793
CZK,2025-10-25,0.041408
AUD,2025-10-25,0.608417
CAD,2025-10-25,0.710183
USD,2025-10-26,0.917614
GBP,2025-10-26,1.181170
JPY,2025-10-26,0.005985
CHF,2025-10-26,1.011097
SEK,2025-10-26,0.091465
NOK,2025-10-26,0.089005
PLN,2025-10-26,0.243561
CZK,2025-10-26,0.041392
AUD,2025-10-26,0.609897
CAD,2025-10-26,0.710472
USD,2025-10-27,0.915936
GBP,2025-10-27,1.184239
JPY,2025-10-27,0.006003
CHF,2025-10-27,1.014082
SEK,2025-10-27,0.091255
NOK,2025-10-27,0.089166
PLN,2025-10-27,0.244132
CZK,2025-10-27,0.041252
AUD,2025-10-27,0.611067
CAD,2025-10-27,0.710566
USD,2025-10-28,0.916607
GBP,2025-10-28,1.180880
JPY,2025-10-28,0.005988
CHF,2025-10-28,1.015316
SEK,2025-10-28,0.091528
NOK,2025-10-28,0.089204
PLN,2025-10-28,0.244092
CZK,2025-10-28,0.041148
AUD,2025-10-28,0.612965
CAD,2025-10-28,0.709460
USD,2025-10-29,0.916192
GBP,2025-10-29,1.178518
JPY,2025-10-29,0.005992
CHF,2025-10-29,1.013284
SEK,2025-10-29,0.091405
NOK,2025-10-29,0.089140
PLN,2025-10-29,0.243287
CZK,2025-10-29,0.041201
AUD,2025-10-29,0.612124
CAD,2025-10-29,0.708865
USD,2025-10-30,0.914487
GBP,2025-10-30,1.179833
JPY,2025-10-30,0.005988
CHF,2025-10-30,1.014549
SEK,2025-10-30,0.091112
NOK,2025-10-30,0.088952
PLN,2025-10-30,0.242650
CZK,2025-10-30,0.041128
AUD,2025-10-30,0.614236
CAD,2025-10-30,0.710561
USD,2025-10-31,0.915637
GBP,2025-10-31,1.178025
JPY,2025-10-31,0.005978
CHF,2025-10-31,1.015094
SEK,2025-10-31,0.090982
NOK,2025-10-31,0.088853
PLN,2025-10-31,0.242808
CZK,2025-10-31,0.041195
AUD,2025-10-31,0.613526
CAD,2025-10-31,0.710313
USD,2025-11-01,0.914326
GBP,2025-11-01,1.175812
JPY,2025-11-01,0.005985
CHF,2025-11-01,1.013296
SEK,2025-11-01,0.090976
NOK,2025-11-01,0.089117
PLN,2025-11-01,0.243519
CZK,2025-11-01,0.041098
AUD,2025-11-01,0.613723
CAD,2025-11-01,0.709739
USD,2025-11-02,0.911260
GBP,2025-11-02,1.176338
JPY,2025-11-02,0.005979
CHF,2025-11-02,1.015713
SEK,2025-11-02,0.091219
NOK,2025-11-02,0.088876
PLN,2025-11-02,0.242790
CZK,2025-11-02,0.040977
AUD,2025-11-02,0.614620
CAD,2025-11-02,0.709934
USD,2025-11-03,0.912285
GBP,2025-11-03,1.175356
JPY,2025-11-03,0.005983
CHF,2025-11-03,1.017482
SEK,2025-11-03,0.090982
NOK,2025-11-03,0.088573
PLN,2025-11-03,0.242776
CZK,2025-11-03,0.041034
AUD,2025-11-03,0.616577
CAD,2025-11-03,0.709259
USD,2025-11-04,0.913475
GBP,2025-11-04,1.177301
JPY,2025-11-04,0.005966
CHF,2025-11-04,1.016181
SEK,2025-11-04,0.090779
NOK,2025-11-04,0.088322
PLN,2025-11-04,0.242525
CZK,2025-11-04,0.041085
AUD,2025-11-04,0.617114
CAD,2025-11-04,0.710822
USD,2025-11-05,0.913473
GBP,2025-11-05,1.173242
JPY,2025-11-05,0.005950
CHF,2025-11-05,1.014032
SEK,2025-11-05,0.090923
NOK,2025-11-05,0.088156
PLN,2025-11-05,0.243324
CZK,2025-11-05,0.041195
AUD,2025-11-05,0.617175
CAD,2025-11-05,0.708842
USD,2025-11-06,0.915821
GBP,2025-11-06,1.174567
JPY,2025-11-06,0.005967
CHF,2025-11-06,1.016749
SEK,2025-11-06,0.090901
NOK,2025-11-06,0.087988
PLN,2025-11-06,0.242635
CZK,2025-11-06,0.041146
AUD,2025-11-06,0.617913
CAD,2025-11-06,0.708231
USD,2025-11-07,0.915072
GBP,2025-11-07,1.172994
JPY,2025-11-07,0.005976
CHF,2025-11-07,1.018066
SEK,2025-11-07,0.090940
NOK,2025-11-07,0.087694
PLN,2025-11-07,0.243439
CZK,2025-11-07,0.041189
AUD,2025-11-07,0.619268
CAD,2025-11-07,0.710518
USD,2025-11-08,0.913794
GBP,2025-11-08,1.176785
JPY,2025-11-08,0.005957
CHF,2025-11-08,1.019420
SEK,2025-11-08,0.091129
NOK,2025-11-08,0.087648
PLN,2025-11-08,0.243359
CZK,2025-11-08,0.041326
AUD,2025-11-08,0.619275
CAD,2025-11-08,0.711490
USD,2025-11-09,0.912552
GBP,2025-11-09,1.177986
JPY,2025-11-09,0.005952
CHF,2025-11-09,1.020235
SEK,2025-11-09,0.091416
NOK,2025-11-09,0.087399
PLN,2025-11-09,0.242558
CZK,2025-11-09,0.041468
AUD,2025-11-09,0.619846
CAD,2025-11-09,0.711229
USD,2025-11-10,0.911289
GBP,2025-11-10,1.177047
JPY,2025-11-10,0.005956
CHF,2025-11-10,1.021464
SEK,2025-11-10,0.091336
NOK,2025-11-10,0.087566
PLN,2025-11-10,0.242654
CZK,2025-11-10,0.041601
AUD,2025-11-10,0.620178
CAD,2025-11-10,0.711054
USD,2025-11-11,0.912008
GBP,2025-11-11,1.179554
JPY,2025-11-11,0.005948
CHF,2025-11-11,1.021512
SEK,2025-11-11,0.091407
NOK,2025-11-11,0.087793
PLN,2025-11-11,0.241902
CZK,2025-11-11,0.041505
AUD,2025-11-11,0.620520
CAD,2025-11-11,0.711228
USD,2025-11-12,0.914178
GBP,2025-11-12,1.180490
JPY,2025-11-12,0.005957
CHF,2025-11-12,1.021126
SEK,2025-11-12,0.091600
NOK,2025-11-12,0.088000
PLN,2025-11-12,0.242007
CZK,2025-11-12,0.041422
AUD,2025-11-12,0.622044
CAD,2025-11-12,0.712448
USD,2025-11-13,0.911004
GBP,2025-11-13,1.178015
JPY,2025-11-13,0.005963
CHF,2025-11-13,1.019991
SEK,2025-11-13,0.091390
NOK,2025-11-13,0.088011
PLN,2025-11-13,0.242822
CZK,2025-11-13,0.041412
AUD,2025-11-13,0.622155
CAD,2025-11-13,0.710478
USD,2025-11-14,0.908427
GBP,2025-11-14,1.180318
JPY,2025-11-14,0.005960
CHF,2025-11-14,1.019861
SEK,2025-11-14,0.091174
NOK,2025-11-14,0.088104
PLN,2025-11-14,0.242977
CZK,2025-11-14,0.041548
AUD,2025-11-14,0.623981
CAD,2025-11-14,0.710445
USD,2025-11-15,0.910896
GBP,2025-11-15,1.183587
JPY,2025-11-15,0.005979
CHF,2025-11-15,1.018417
SEK,2025-11-15,0.091195
NOK,2025-11-15,0.087930
PLN,2025-11-15,0.243462
CZK,2025-11-15,0.041676
AUD,2025-11-15,0.624416
CAD,2025-11-15,0.710119
USD,2025-11-16,0.910105
GBP,2025-11-16,1.184825
JPY,2025-11-16,0.005999
CHF,2025-11-16,1.016066
SEK,2025-11-16,0.090931
NOK,2025-11-16,0.088084
PLN,2025-11-16,0.244155
CZK,2025-11-16,0.041785
AUD,2025-11-16,0.625106
CAD,2025-11-16,0.711871
USD,2025-11-17,0.911423
GBP,2025-11-17,1.183443
JPY,2025-11-17,0.006020
CHF,2025-11-17,1.013648
SEK,2025-11-17,0.090657
NOK,2025-11-17,0.087810
PLN,2025-11-17,0.243828
CZK,2025-11-17,0.041793
AUD,2025-11-17,0.626457
CAD,2025-11-17,0.713659
USD,2025-11-18,0.912329
GBP,2025-11-18,1.183451
JPY,2025-11-18,0.006029
CHF,2025-11-18,1.011220
SEK,2025-11-18,0.090682
NOK,2025-11-18,0.087621
PLN,2025-11-18,0.243514
CZK,2025-11-18,0.041698
AUD,2025-11-18,0.627437
CAD,2025-11-18,0.715293
USD,2025-11-19,0.914621
GBP,2025-11-19,1.182436
JPY,2025-11-19,0.006009
CHF,2025-11-19,1.011439
SEK,2025-11-19,0.090776
NOK,2025-11-19,0.087333
PLN,2025-11-19,0.243462
CZK,2025-11-19,0.041751
AUD,2025-11-19,0.627460
CAD,2025-11-19,0.714062
USD,2025-11-20,0.911637
GBP,2025-11-20,1.183270
JPY,2025-11-20,0.006028
CHF,2025-11-20,1.009170
SEK,2025-11-20,0.090492
NOK,2025-11-20,0.087160
PLN,2025-11-20,0.243148
CZK,2025-11-20,0.041804
AUD,2025-11-20,0.626715
CAD,2025-11-20,0.714426
USD,2025-11-21,0.914024
GBP,2025-11-21,1.181987
JPY,2025-11-21,0.006043
CHF,2025-11-21,1.005924
SEK,2025-11-21,0.090495
NOK,2025-11-21,0.086936
PLN,2025-11-21,0.242388
CZK,2025-11-21,0.041715
AUD,2025-11-21,0.626445
CAD,2025-11-21,0.716673
USD,2025-11-22,0.915237
GBP,2025-11-22,1.180378
JPY,2025-11-22,0.006060
CHF,2025-11-22,1.008486
SEK,2025-11-22,0.090637
NOK,2025-11-22,0.086695
PLN,2025-11-22,0.242518
CZK,2025-11-22,0.041585
AUD,2025-11-22,0.627508
CAD,2025-11-22,0.718487
USD,2025-11-23,0.917465
GBP,2025-11-23,1.177342
JPY,2025-11-23,0.006065
CHF,2025-11-23,1.009131
SEK,2025-11-23,0.090727
NOK,2025-11-23,0.086733
PLN,2025-11-23,0.242319
CZK,2025-11-23,0.041482
AUD,2025-11-23,0.628098
CAD,2025-11-23,0.716966
USD,2025-11-24,0.918482
GBP,2025-11-24,1.177835
JPY,2025-11-24,0.006084
CHF,2025-11-24,1.009587
SEK,2025-11-24,0.090762
NOK,2025-11-24,0.086584
PLN,2025-11-24,0.242325
CZK,2025-11-24,0.041485
AUD,2025-11-24,0.629705
CAD,2025-11-24,0.717529
USD,2025-11-25,0.918953
GBP,2025-11-25,1.177102
JPY,2025-11-25,0.006068
CHF,2025-11-25,1.006527
SEK,2025-11-25,0.091075
NOK,2025-11-25,0.086561
PLN,2025-11-25,0.243108
CZK,2025-11-25,0.041420
AUD,2025-11-25,0.630556
CAD,2025-11-25,0.717499
USD,2025-11-26,0.919230
GBP,2025-11-26,1.179341
JPY,2025-11-26,0.006076
CHF,2025-11-26,1.005661
SEK,2025-11-26,0.090883
NOK,2025-11-26,0.086442
PLN,2025-11-26,0.243705
CZK,2025-11-26,0.041350
AUD,2025-11-26,0.631191
CAD,2025-11-26,0.719031
USD,2025-11-27,0.919808
GBP,2025-11-27,1.175678
JPY,2025-11-27,0.006073
CHF,2025-11-27,1.007120
SEK,2025-11-27,0.091029
NOK,2025-11-27,0.086383
PLN,2025-11-27,0.242857
CZK,2025-11-27,0.041302
AUD,2025-11-27,0.631716
CAD,2025-11-27,0.718755
USD,2025-11-28,0.919257
GBP,2025-11-28,1.176814
JPY,2025-11-28,0.006063
CHF,2025-11-28,1.004133
SEK,2025-11-28,0.090813
NOK,2025-11-28,0.086434
PLN,2025-11-28,0.243099
CZK,2025-11-28,0.041438
AUD,2025-11-28,0.632184
CAD,2025-11-28,0.718720
USD,2025-11-29,0.916696
GBP,2025-11-29,1.178984
JPY,2025-11-29,0.006052
CHF,2025-11-29,1.007115
SEK,2025-11-29,0.090721
NOK,2025-11-29,0.086608
PLN,2025-11-29,0.242855
CZK,2025-11-29,0.041467
AUD,2025-11-29,0.630575
CAD,2025-11-29,0.718664
USD,2025-11-30,0.916778
GBP,2025-11-30,1.175415
JPY,2025-11-30,0.006041
CHF,2025-11-30,1.005479
SEK,2025-11-30,0.090927
NOK,2025-11-30,0.086553
PLN,2025-11-30,0.242117
CZK,2025-11-30,0.041473
AUD,2025-11-30,0.631755
CAD,2025-11-30,0.716780
USD,2025-12-01,0.918526
GBP,2025-12-01,1.177021
JPY,2025-12-01,0.006025
CHF,2025-12-01,1.007962
SEK,2025-12-01,0.090970
NOK,2025-12-01,0.086549
PLN,2025-12-01,0.241626
CZK,2025-12-01,0.041404
AUD,2025-12-01,0.629634
CAD,2025-12-01,0.715681
USD,2025-12-02,0.921267
GBP,2025-12-02,1.179862
JPY,2025-12-02,0.006034
CHF,2025-12-02,1.010092
SEK,2025-12-02,0.091279
NOK,2025-12-02,0.086622
PLN,2025-12-02,0.241384
CZK,2025-12-02,0.041473
AUD,2025-12-02,0.628044
CAD,2025-12-02,0.714264
USD,2025-12-03,0.921316
GBP,2025-12-03,1.178735
JPY,2025-12-03,0.006044
CHF,2025-12-03,1.011407
SEK,2025-12-03,0.090997
NOK,2025-12-03,0.086351
PLN,2025-12-03,0.241518
CZK,2025-12-03,0.041380
AUD,2025-12-03,0.628129
CAD,2025-12-03,0.714488
USD,2025-12-04,0.921459
GBP,2025-12-04,1.176943
JPY,2025-12-04,0.006027
CHF,2025-12-04,1.011080
SEK,2025-12-04,0.091246
NOK,2025-12-04,0.086326
PLN,2025-12-04,0.241289
CZK,2025-12-04,0.041370
AUD,2025-12-04,0.626262
CAD,2025-12-04,0.714438
USD,2025-12-05,0.920855
GBP,2025-12-05,1.175162
JPY,2025-12-05,0.006043
CHF,2025-12-05,1.009306
SEK,2025-12-05,0.091518
NOK,2025-12-05,0.086496
PLN,2025-12-05,0.241224
CZK,2025-12-05,0.041452
AUD,2025-12-05,0.624563
CAD,2025-12-05,0.716148
USD,2025-12-06,0.923718
GBP,2025-12-06,1.172169
JPY,2025-12-06,0.006025
CHF,2025-12-06,1.008299
SEK,2025-12-06,0.091616
NOK,2025-12-06,0.086266
PLN,2025-12-06,0.241600
CZK,2025-12-06,0.041559
AUD,2025-12-06,0.626614
CAD,2025-12-06,0.716694
USD,2025-12-07,0.922280
GBP,2025-12-07,1.170005
JPY,2025-12-07,0.006033
CHF,2025-12-07,1.011453
SEK,2025-12-07,0.091370
NOK,2025-12-07,0.086455
PLN,2025-12-07,0.241833
CZK,2025-12-07,0.041454
AUD,2025-12-07,0.626313
CAD,2025-12-07,0.716079
USD,2025-12-08,0.925142
GBP,2025-12-08,1.166103
JPY,2025-12-08,0.006024
CHF,2025-12-08,1.013631
SEK,2025-12-08,0.091119
NOK,2025-12-08,0.086596
PLN,2025-12-08,0.241184
CZK,2025-12-08,0.041518
AUD,2025-12-08,0.624331
CAD,2025-12-08,0.717081
USD,2025-12-09,0.922379
GBP,2025-12-09,1.163941
JPY,2025-12-09,0.006031
CHF,2025-12-09,1.011347
SEK,2025-12-09,0.091263
NOK,2025-12-09,0.086754
PLN,2025-12-09,0.240563
CZK,2025-12-09,0.041454
AUD,2025-12-09,0.624715
CAD,2025-12-09,0.718797
USD,2025-12-10,0.922590
GBP,2025-12-10,1.163647
JPY,2025-12-10,0.006033
CHF,2025-12-10,1.014462
SEK,2025-12-10,0.091535
NOK,2025-12-10,0.086522
PLN,2025-12-10,0.240623
CZK,2025-12-10,0.041477
AUD,2025-12-10,0.626357
CAD,2025-12-10,0.717526
USD,2025-12-11,0.922947
GBP,2025-12-11,1.160650
JPY,2025-12-11,0.006015
CHF,2025-12-11,1.012613
SEK,2025-12-11,0.091433
NOK,2025-12-11,0.086234
PLN,2025-12-11,0.240139
CZK,2025-12-11,0.041598
AUD,2025-12-11,0.625117
CAD,2025-12-11,0.715281
USD,2025-12-12,0.923643
GBP,2025-12-12,1.161164
JPY,2025-12-12,0.005994
CHF,2025-12-12,1.014975
SEK,2025-12-12,0.091705
NOK,2025-12-12,0.086379
PLN,2025-12-12,0.240444
CZK,2025-12-12,0.041666
AUD,2025-12-12,0.623795
CAD,2025-12-12,0.716945
USD,2025-12-13,0.922663
GBP,2025-12-13,1.159741
JPY,2025-12-13,0.005980
CHF,2025-12-13,1.015095
SEK,2025-12-13,0.091589
NOK,2025-12-13,0.086167
PLN,2025-12-13,0.239710
CZK,2025-12-13,0.041603
AUD,2025-12-13,0.623461
CAD,2025-12-13,0.717370
USD,2025-12-14,0.923875
GBP,2025-12-14,1.156987
JPY,2025-12-14,0.005989
CHF,2025-12-14,1.015003
SEK,2025-12-14,0.091795
NOK,2025-12-14,0.086146
PLN,2025-12-14,0.239910
CZK,2025-12-14,0.041650
AUD,2025-12-14,0.623228
CAD,2025-12-14,0.719568
USD,2025-12-15,0.920858
GBP,2025-12-15,1.158486
JPY,2025-12-15,0.006008
CHF,2025-12-15,1.016906
SEK,2025-12-15,0.091695
NOK,2025-12-15,0.086062
PLN,2025-12-15,0.240345
CZK,2025-12-15,0.041575
AUD,2025-12-15,0.622089
CAD,2025-12-15,0.719657
USD,2025-12-16,0.920465
GBP,2025-12-16,1.161659
JPY,2025-12-16,0.006023
CHF,2025-12-16,1.017989
SEK,2025-12-16,0.091467
NOK,2025-12-16,0.085920
PLN,2025-12-16,0.240818
CZK,2025-12-16,0.041438
AUD,2025-12-16,0.620973
CAD,2025-12-16,0.719185
USD,2025-12-17,0.921551
GBP,2025-12-17,1.163043
JPY,2025-12-17,0.006017
CHF,2025-12-17,1.017729
SEK,2025-12-17,0.091468
NOK,2025-12-17,0.085883
PLN,2025-12-17,0.240685
CZK,2025-12-17,0.041502
AUD,2025-12-17,0.620391
CAD,2025-12-17,0.719166
USD,2025-12-18,0.918859
GBP,2025-12-18,1.165314
JPY,2025-12-18,0.006001
CHF,2025-12-18,1.020016
SEK,2025-12-18,0.091463
NOK,2025-12-18,0.085908
PLN,2025-12-18,0.240466
CZK,2025-12-18,0.041606
AUD,2025-12-18,0.621373
CAD,2025-12-18,0.717377
USD,2025-12-19,0.921990
GBP,2025-12-19,1.162665
JPY,2025-12-19,0.006017
CHF,2025-12-19,1.018407
SEK,2025-12-19,0.091388
NOK,2025-12-19,0.085787
PLN,2025-12-19,0.241042
CZK,2025-12-19,0.041682
AUD,2025-12-19,0.622214
CAD,2025-12-19,0.716760
USD,2025-12-20,0.921863
GBP,2025-12-20,1.165958
JPY,2025-12-20,0.006017
CHF,2025-12-20,1.017363
SEK,2025-12-20,0.091269
NOK,2025-12-20,0.085988
PLN,2025-12-20,0.240924
CZK,2025-12-20,0.041637
AUD,2025-12-20,0.621530
CAD,2025-12-20,0.718367
USD,2025-12-21,0.920699
GBP,2025-12-21,1.163279
JPY,2025-12-21,0.006012
CHF,2025-12-21,1.017448
SEK,2025-12-21,0.091334
NOK,2025-12-21,0.085881
PLN,2025-12-21,0.240408
CZK,2025-12-21,0.041546
AUD,2025-12-21,0.619693
CAD,2025-12-21,0.720353
USD,2025-12-22,0.921262
GBP,2025-12-22,1.160884
JPY,2025-12-22,0.005991
CHF,2025-12-22,1.020406
SEK,2025-12-22,0.091562
NOK,2025-12-22,0.086002
PLN,2025-12-22,0.240747
CZK,2025-12-22,0.041462
AUD,2025-12-22,0.620012
CAD,2025-12-22,0.722847
USD,2025-12-23,0.922912
GBP,2025-12-23,1.160450
JPY,2025-12-23,0.005995
CHF,2025-12-23,1.019608
SEK,2025-12-23,0.091614
NOK,2025-12-23,0.086223
PLN,2025-12-23,0.240353
CZK,2025-12-23,0.041543
AUD,2025-12-23,0.618977
CAD,2025-12-23,0.721600
USD,2025-12-24,0.924003
GBP,2025-12-24,1.159678
JPY,2025-12-24,0.006004
CHF,2025-12-24,1.016377
SEK,2025-12-24,0.091787
NOK,2025-12-24,0.086238
PLN,2025-12-24,0.240031
CZK,2025-12-24,0.041616
AUD,2025-12-24,0.618528
CAD,2025-12-24,0.722584
USD,2025-12-25,0.923587
GBP,2025-12-25,1.163191
JPY,2025-12-25,0.006019
CHF,2025-12-25,1.019056
SEK,2025-12-25,0.091745
NOK,2025-12-25,0.086059
PLN,2025-12-25,0.240535
CZK,2025-12-25,0.041518
AUD,2025-12-25,0.616977
CAD,2025-12-25,0.723233
USD,2025-12-26,0.926492
GBP,2025-12-26,1.162788
JPY,2025-12-26,0.006035
CHF,2025-12-26,1.022283
SEK,2025-12-26,0.091728
NOK,2025-12-26,0.086354
PLN,2025-12-26,0.240350
CZK,2025-12-26,0.041440
AUD,2025-12-26,0.615508
CAD,2025-12-26,0.721773
USD,2025-12-27,0.925322
GBP,2025-12-27,1.160443
JPY,2025-12-27,0.006034
CHF,2025-12-27,1.021637
SEK,2025-12-27,0.091931
NOK,2025-12-27,0.086524
PLN,2025-12-27,0.240425
CZK,2025-12-27,0.041452
AUD,2025-12-27,0.614836
CAD,2025-12-27,0.723581
USD,2025-12-28,0.924083
GBP,2025-12-28,1.157432
JPY,2025-12-28,0.006035
CHF,2025-12-28,1.020985
SEK,2025-12-28,0.091888
NOK,2025-12-28,0.086367
PLN,2025-12-28,0.241146
CZK,2025-12-28,0.041551
AUD,2025-12-28,0.616504
CAD,2025-12-28,0.724025
USD,2025-12-29,0.925801
GBP,2025-12-29,1.159578
JPY,2025-12-29,0.006043
CHF,2025-12-29,1.018212
SEK,2025-12-29,0.091913
NOK,2025-12-29,0.086318
PLN,2025-12-29,0.240427
CZK,2025-12-29,0.041595
AUD,2025-12-29,0.617798
CAD,2025-12-29,0.725384
USD,2025-12-30,0.926042
GBP,2025-12-30,1.158818
JPY,2025-12-30,0.006031
CHF,2025-12-30,1.018274
SEK,2025-12-30,0.091700
NOK,2025-12-30,0.086484
PLN,2025-12-30,0.240096
CZK,2025-12-30,0.041601
AUD,2025-12-30,0.619273
CAD,2025-12-30,0.727701
USD,2025-12-31,0.924438
GBP,2025-12-31,1.159706
JPY,2025-12-31,0.006028
CHF,2025-12-31,1.016763
SEK,2025-12-31,0.091828
NOK,2025-12-31,0.086744
PLN,2025-12-31,0.239463
CZK,2025-12-31,0.041467
AUD,2025-12-31,0.621428
CAD,2025-12-31,0.729467
USD,2026-01-01,0.925861
GBP,2026-01-01,1.162863
JPY,2026-01-01,0.006008
CHF,2026-01-01,1.018746
SEK,2026-01-01,0.092000
NOK,2026-01-01,0.086601
PLN,2026-01-01,0.239126
CZK,2026-01-01,0.041437
AUD,2026-01-01,0.622831
CAD,2026-01-01,0.731920
USD,2026-01-02,0.925913
GBP,2026-01-02,1.159800
JPY,2026-01-02,0.006003
CHF,2026-01-02,1.015475
SEK,2026-01-02,0.091873
NOK,2026-01-02,0.086605
PLN,2026-01-02,0.239781
CZK,2026-01-02,0.041487
AUD,2026-01-02,0.623610
CAD,2026-01-02,0.729700
USD,2026-01-03,0.925465
GBP,2026-01-03,1.162492
JPY,2026-01-03,0.005982
CHF,2026-01-03,1.018010
SEK,2026-01-03,0.092132
NOK,2026-01-03,0.086685
PLN,2026-01-03,0.239675
CZK,2026-01-03,0.041504
AUD,2026-01-03,0.622475
CAD,2026-01-03,0.728638
USD,2026-01-04,0.925332
GBP,2026-01-04,1.162828
JPY,2026-01-04,0.005971
CHF,2026-01-04,1.020232
SEK,2026-01-04,0.092201
NOK,2026-01-04,0.086574
PLN,2026-01-04,0.239432
CZK,2026-01-04,0.041361
AUD,2026-01-04,0.623189
CAD,2026-01-04,0.728596
USD,2026-01-05,0.923109
GBP,2026-01-05,1.163601
JPY,2026-01-05,0.005972
CHF,2026-01-05,1.019689
SEK,2026-01-05,0.092043
NOK,2026-01-05,0.086601
PLN,2026-01-05,0.240052
CZK,2026-01-05,0.041299
AUD,2026-01-05,0.623072
CAD,2026-01-05,0.728886
USD,2026-01-06,0.922023
GBP,2026-01-06,1.165592
JPY,2026-01-06,0.005962
CHF,2026-01-06,1.019766
SEK,2026-01-06,0.092035
NOK,2026-01-06,0.086494
PLN,2026-01-06,0.240761
CZK,2026-01-06,0.041411
AUD,2026-01-06,0.623463
CAD,2026-01-06,0.727029
USD,2026-01-07,0.923733
GBP,2026-01-07,1.168408
JPY,2026-01-07,0.005946
CHF,2026-01-07,1.019743
SEK,2026-01-07,0.092170
NOK,2026-01-07,0.086218
PLN,2026-01-07,0.240759
CZK,2026-01-07,0.041451
AUD,2026-01-07,0.623530
CAD,2026-01-07,0.725046
USD,2026-01-08,0.923338
GBP,2026-01-08,1.166067
JPY,2026-01-08,0.005948
CHF,2026-01-08,1.019442
SEK,2026-01-08,0.092251
NOK,2026-01-08,0.085994
PLN,2026-01-08,0.240543
CZK,2026-01-08,0.041586
AUD,2026-01-08,0.623123
CAD,2026-01-08,0.726101
USD,2026-01-09,0.920413
GBP,2026-01-09,1.165301
JPY,2026-01-09,0.005949
CHF,2026-01-09,1.018314
SEK,2026-01-09,0.092233
NOK,2026-01-09,0.085774
PLN,2026-01-09,0.241108
CZK,2026-01-09,0.041664
AUD,2026-01-09,0.621267
CAD,2026-01-09,0.724539
USD,2026-01-10,0.921936
GBP,2026-01-10,1.164318
JPY,2026-01-10,0.005966
CHF,2026-01-10,1.015882
SEK,2026-01-10,0.092071
NOK,2026-01-10,0.085579
PLN,2026-01-10,0.240839
CZK,2026-01-10,0.041605
AUD,2026-01-10,0.620766
CAD,2026-01-10,0.725521
USD,2026-01-11,0.924512
GBP,2026-01-11,1.163896
JPY,2026-01-11,0.005982
CHF,2026-01-11,1.015842
SEK,2026-01-11,0.092007
NOK,2026-01-11,0.085406
PLN,2026-01-11,0.240371
CZK,2026-01-11,0.041651
AUD,2026-01-11,0.620624
CAD,2026-01-11,0.723293
USD,2026-01-12,0.922180
GBP,2026-01-12,1.164648
JPY,2026-01-12,0.005970
CHF,2026-01-12,1.015157
SEK,2026-01-12,0.091931
NOK,2026-01-12,0.085608
PLN,2026-01-12,0.239677
CZK,2026-01-12,0.041570
AUD,2026-01-12,0.620564
CAD,2026-01-12,0.721779
USD,2026-01-13,0.921803
GBP,2026-01-13,1.166660
JPY,2026-01-13,0.005986
CHF,2026-01-13,1.017153
SEK,2026-01-13,0.092087
NOK,2026-01-13,0.085678
PLN,2026-01-13,0.240068
CZK,2026-01-13,0.041432
AUD,2026-01-13,0.622498
CAD,2026-01-13,0.723298
USD,2026-01-14,0.919740
GBP,2026-01-14,1.170590
JPY,2026-01-14,0.005966
CHF,2026-01-14,1.020411
SEK,2026-01-14,0.092343
NOK,2026-01-14,0.085521
PLN,2026-01-14,0.239582
CZK,2026-01-14,0.041465
AUD,2026-01-14,0.623862
CAD,2026-01-14,0.725485
USD,2026-01-15,0.920430
GBP,2026-01-15,1.169757
JPY,2026-01-15,0.005981
CHF,2026-01-15,1.019136
SEK,2026-01-15,0.092271
NOK,2026-01-15,0.085604
PLN,2026-01-15,0.238865
CZK,2026-01-15,0.041388
AUD,2026-01-15,0.622465
CAD,2026-01-15,0.723397
USD,2026-01-16,0.922316
GBP,2026-01-16,1.172074
JPY,2026-01-16,0.005994
CHF,2026-01-16,1.019029
SEK,2026-01-16,0.092498
NOK,2026-01-16,0.085701
PLN,2026-01-16,0.239206
CZK,2026-01-16,0.041445
AUD,2026-01-16,0.624086
CAD,2026-01-16,0.723163
USD,2026-01-17,0.921253
GBP,2026-01-17,1.170234
JPY,2026-01-17,0.006011
CHF,2026-01-17,1.016597
SEK,2026-01-17,0.092768
NOK,2026-01-17,0.085426
PLN,2026-01-17,0.239047
CZK,2026-01-17,0.041501
AUD,2026-01-17,0.622816
CAD,2026-01-17,0.720965
USD,2026-01-18,0.921747
GBP,2026-01-18,1.166535
JPY,2026-01-18,0.005991
CHF,2026-01-18,1.016980
SEK,2026-01-18,0.092792
NOK,2026-01-18,0.085419
PLN,2026-01-18,0.239486
CZK,2026-01-18,0.041536
AUD,2026-01-18,0.620923
CAD,2026-01-18,0.721650
USD,2026-01-19,0.924026
GBP,2026-01-19,1.168161
JPY,2026-01-19,0.005986
CHF,2026-01-19,1.017760
SEK,2026-01-19,0.093037
NOK,2026-01-19,0.085403
PLN,2026-01-19,0.239789
CZK,2026-01-19,0.041630
AUD,2026-01-19,0.622653
CAD,2026-01-19,0.722064
USD,2026-01-20,0.921041
GBP,2026-01-20,1.165722
JPY,2026-01-20,0.005977
CHF,2026-01-20,1.015140
SEK,2026-01-20,0.092877
NOK,2026-01-20,0.085650
PLN,2026-01-20,0.239241
CZK,2026-01-20,0.041554
AUD,2026-01-20,0.622537
CAD,2026-01-20,0.721844
USD,2026-01-21,0.918802
GBP,2026-01-21,1.166404
JPY,2026-01-21,0.005967
CHF,2026-01-21,1.013441
SEK,2026-01-21,0.093053
NOK,2026-01-21,0.085379
PLN,2026-01-21,0.239543
CZK,2026-01-21,0.041690
AUD,2026-01-21,0.622861
CAD,2026-01-21,0.723624
USD,2026-01-22,0.916619
GBP,2026-01-22,1.167698
JPY,2026-01-22,0.005976
CHF,2026-01-22,1.014381
SEK,2026-01-22,0.093069
NOK,2026-01-22,0.085084
PLN,2026-01-22,0.240302
CZK,2026-01-22,0.041664
AUD,2026-01-22,0.621193
CAD,2026-01-22,0.723213
USD,2026-01-23,0.916604
GBP,2026-01-23,1.170183
JPY,2026-01-23,0.005959
CHF,2026-01-23,1.017187
SEK,2026-01-23,0.093202
NOK,2026-01-23,0.085083
PLN,2026-01-23,0.240221
CZK,2026-01-23,0.041810
AUD,2026-01-23,0.623212
CAD,2026-01-23,0.725658
USD,2026-01-24,0.915788
GBP,2026-01-24,1.168684
JPY,2026-01-24,0.005971
CHF,2026-01-24,1.018344
SEK,2026-01-24,0.093001
NOK,2026-01-24,0.085243
PLN,2026-01-24,0.240930
CZK,2026-01-24,0.041901
AUD,2026-01-24,0.621976
CAD,2026-01-24,0.725770
USD,2026-01-25,0.915965
GBP,2026-01-25,1.171819
JPY,2026-01-25,0.005990
CHF,2026-01-25,1.016774
SEK,2026-01-25,0.092819
NOK,2026-01-25,0.085476
PLN,2026-01-25,0.241467
CZK,2026-01-25,0.041756
AUD,2026-01-25,0.619893
CAD,2026-01-25,0.723319
USD,2026-01-26,0.914346
GBP,2026-01-26,1.169177
JPY,2026-01-26,0.005992
CHF,2026-01-26,1.017996
SEK,2026-01-26,0.093029
NOK,2026-01-26,0.085412
PLN,2026-01-26,0.240629
CZK,2026-01-26,0.041810
AUD,2026-01-26,0.619689
CAD,2026-01-26,0.722308
USD,2026-01-27,0.915801
GBP,2026-01-27,1.173025
JPY,2026-01-27,0.006006
CHF,2026-01-27,1.018084
SEK,2026-01-27,0.092937
NOK,2026-01-27,0.085602
PLN,2026-01-27,0.241100
CZK,2026-01-27,0.041776
AUD,2026-01-27,0.618414
CAD,2026-01-27,0.724110
USD,2026-01-28,0.918702
GBP,2026-01-28,1.176445
JPY,2026-01-28,0.006014
CHF,2026-01-28,1.017554
SEK,2026-01-28,0.092673
NOK,2026-01-28,0.085491
PLN,2026-01-28,0.241227
CZK,2026-01-28,0.041894
AUD,2026-01-28,0.619292
CAD,2026-01-28,0.723400
USD,2026-01-29,0.916161
GBP,2026-01-29,1.179714
JPY,2026-01-29,0.005994
CHF,2026-01-29,1.014792
SEK,2026-01-29,0.092707
NOK,2026-01-29,0.085225
PLN,2026-01-29,0.241107
CZK,2026-01-29,0.041759
AUD,2026-01-29,0.621037
CAD,2026-01-29,0.724706
USD,2026-01-30,0.916082
GBP,2026-01-30,1.180340
JPY,2026-01-30,0.006004
CHF,2026-01-30,1.013980
SEK,2026-01-30,0.092481
NOK,2026-01-30,0.085068
PLN,2026-01-30,0.241014
CZK,2026-01-30,0.041810
AUD,2026-01-30,0.619832
CAD,2026-01-30,0.724327
USD,2026-01-31,0.916017
GBP,2026-01-31,1.183982
JPY,2026-01-31,0.006010
CHF,2026-01-31,1.015797
SEK,2026-01-31,0.092296
NOK,2026-01-31,0.084865
PLN,2026-01-31,0.240265
CZK,2026-01-31,0.041728
AUD,2026-01-31,0.619897
CAD,2026-01-31,0.726617
USD,2026-02-01,0.917257
GBP,2026-02-01,1.180768
JPY,2026-02-01,0.005989
CHF,2026-02-01,1.018072
SEK,2026-02-01,0.092059
NOK,2026-02-01,0.085034
PLN,2026-02-01,0.240133
CZK,2026-02-01,0.041760
AUD,2026-02-01,0.620404
CAD,2026-02-01,0.726657
USD,2026-02-02,0.917272
GBP,2026-02-02,1.181119
JPY,2026-02-02,0.005974
CHF,2026-02-02,1.015531
SEK,2026-02-02,0.092272
NOK,2026-02-02,0.085027
PLN,2026-02-02,0.240748
CZK,2026-02-02,0.041741
AUD,2026-02-02,0.619085
CAD,2026-02-02,0.728339
USD,2026-02-03,0.919333
GBP,2026-02-03,1.180540
JPY,2026-02-03,0.005988
CHF,2026-02-03,1.015604
SEK,2026-02-03,0.092077
NOK,2026-02-03,0.085086
PLN,2026-02-03,0.240463
CZK,2026-02-03,0.041781
AUD,2026-02-03,0.620916
CAD,2026-02-03,0.727217
USD,2026-02-04,0.919589
GBP,2026-02-04,1.178459
JPY,2026-02-04,0.005986
CHF,2026-02-04,1.015373
SEK,2026-02-04,0.091908
NOK,2026-02-04,0.085017
PLN,2026-02-04,0.241042
CZK,2026-02-04,0.041689
AUD,2026-02-04,0.622041
CAD,2026-02-04,0.729651
USD,2026-02-05,0.922711
GBP,2026-02-05,1.180074
JPY,2026-02-05,0.005984
CHF,2026-02-05,1.016507
SEK,2026-02-05,0.092125
NOK,2026-02-05,0.084839
PLN,2026-02-05,0.241283
CZK,2026-02-05,0.041716
AUD,2026-02-05,0.621117
CAD,2026-02-05,0.729608
USD,2026-02-06,0.920334
GBP,2026-02-06,1.177878
JPY,2026-02-06,0.005968
CHF,2026-02-06,1.013849
SEK,2026-02-06,0.092235
NOK,2026-02-06,0.084973
PLN,2026-02-06,0.240804
CZK,2026-02-06,0.041690
AUD,2026-02-06,0.622877
CAD,2026-02-06,0.730653
USD,2026-02-07,0.918900
GBP,2026-02-07,1.179176
JPY,2026-02-07,0.005982
CHF,2026-02-07,1.014752
SEK,2026-02-07,0.092089
NOK,2026-02-07,0.084763
PLN,2026-02-07,0.240571
CZK,2026-02-07,0.041826
AUD,2026-02-07,0.621731
CAD,2026-02-07,0.729876
USD,2026-02-08,0.917672
GBP,2026-02-08,1.182759
JPY,2026-02-08,0.005988
CHF,2026-02-08,1.011733
SEK,2026-02-08,0.091887
NOK,2026-02-08,0.084846
PLN,2026-02-08,0.241002
CZK,2026-02-08,0.041888
AUD,2026-02-08,0.623000
CAD,2026-02-08,0.730611
USD,2026-02-09,0.915034
GBP,2026-02-09,1.181801
JPY,2026-02-09,0.005969
CHF,2026-02-09,1.014914
SEK,2026-02-09,0.091820
NOK,2026-02-09,0.085057
PLN,2026-02-09,0.240898
CZK,2026-02-09,0.041831
AUD,2026-02-09,0.621531
CAD,2026-02-09,0.730318
USD,2026-02-10,0.914518
GBP,2026-02-10,1.182199
JPY,2026-02-10,0.005985
CHF,2026-02-10,1.013147
SEK,2026-02-10,0.091992
NOK,2026-02-10,0.084999
PLN,2026-02-10,0.240675
CZK,2026-02-10,0.041762
AUD,2026-02-10,0.620605
CAD,2026-02-10,0.729879
USD,2026-02-11,0.916641
GBP,2026-02-11,1.178104
JPY,2026-02-11,0.005990
CHF,2026-02-11,1.009861
SEK,2026-02-11,0.092157
NOK,2026-02-11,0.085267
PLN,2026-02-11,0.240262
CZK,2026-02-11,0.041802
AUD,2026-02-11,0.620742
CAD,2026-02-11,0.727888
USD,2026-02-12,0.918602
GBP,2026-02-12,1.174289
JPY,2026-02-12,0.005992
CHF,2026-02-12,1.009225
SEK,2026-02-12,0.092361
NOK,2026-02-12,0.085170
PLN,2026-02-12,0.239488
CZK,2026-02-12,0.041677
AUD,2026-02-12,0.622862
CAD,2026-02-12,0.728667
USD,2026-02-13,0.915489
GBP,2026-02-13,1.173715
JPY,2026-02-13,0.005985
CHF,2026-02-13,1.007291
SEK,2026-02-13,0.092460
NOK,2026-02-13,0.085249
PLN,2026-02-13,0.239008
CZK,2026-02-13,0.041594
AUD,2026-02-13,0.624960
CAD,2026-02-13,0.731161
USD,2026-02-14,0.914103
GBP,2026-02-14,1.169753
JPY,2026-02-14,0.005989
CHF,2026-02-14,1.006578
SEK,2026-02-14,0.092697
NOK,2026-02-14,0.085210
PLN,2026-02-14,0.239565
CZK,2026-02-14,0.041586
AUD,2026-02-14,0.626173
CAD,2026-02-14,0.728804
USD,2026-02-15,0.915880
GBP,2026-02-15,1.172907
JPY,2026-02-15,0.005981
CHF,2026-02-15,1.009113
SEK,2026-02-15,0.092995
NOK,2026-02-15,0.085058
PLN,2026-02-15,0.238925
CZK,2026-02-15,0.041463
AUD,2026-02-15,0.624838
CAD,2026-02-15,0.728005
USD,2026-02-16,0.913470
GBP,2026-02-16,1.170974
JPY,2026-02-16,0.005977
CHF,2026-02-16,1.007411
SEK,2026-02-16,0.093155
NOK,2026-02-16,0.084918
PLN,2026-02-16,0.238777
CZK,2026-02-16,0.041551
AUD,2026-02-16,0.625933
CAD,2026-02-16,0.726777
USD,2026-02-17,0.911665
GBP,2026-02-17,1.168357
JPY,2026-02-17,0.005990
CHF,2026-02-17,1.005266
SEK,2026-02-17,0.093131
NOK,2026-02-17,0.085194
PLN,2026-02-17,0.238410
CZK,2026-02-17,0.041419
AUD,2026-02-17,0.623922
CAD,2026-02-17,0.724859
USD,2026-02-18,0.909807
GBP,2026-02-18,1.171874
JPY,2026-02-18,0.006009
CHF,2026-02-18,1.007962
SEK,2026-02-18,0.092976
NOK,2026-02-18,0.085487
PLN,2026-02-18,0.238512
CZK,2026-02-18,0.041414
AUD,2026-02-18,0.621901
CAD,2026-02-18,0.725586
USD,2026-02-19,0.907041
GBP,2026-02-19,1.169953
JPY,2026-02-19,0.006000
CHF,2026-02-19,1.008289
SEK,2026-02-19,0.092669
NOK,2026-02-19,0.085754
PLN,2026-02-19,0.238105
CZK,2026-02-19,0.041438
AUD,2026-02-19,0.620895
CAD,2026-02-19,0.727656
USD,2026-02-20,0.908341
GBP,2026-02-20,1.166349
JPY,2026-02-20,0.005995
CHF,2026-02-20,1.010325
SEK,2026-02-20,0.092361
NOK,2026-02-20,0.085469
PLN,2026-02-20,0.237510
CZK,2026-02-20,0.041483
AUD,2026-02-20,0.622354
CAD,2026-02-20,0.728299
USD,2026-02-21,0.905696
GBP,2026-02-21,1.167643
JPY,2026-02-21,0.005981
CHF,2026-02-21,1.007080
SEK,2026-02-21,0.092078
NOK,2026-02-21,0.085618
PLN,2026-02-21,0.237154
CZK,2026-02-21,0.041397
AUD,2026-02-21,0.623304
CAD,2026-02-21,0.730602
USD,2026-02-22,0.905343
GBP,2026-02-22,1.167528
JPY,2026-02-22,0.005990
CHF,2026-02-22,1.008830
SEK,2026-02-22,0.092113
NOK,2026-02-22,0.085528
PLN,2026-02-22,0.236486
CZK,2026-02-22,0.041440
AUD,2026-02-22,0.621929
CAD,2026-02-22,0.730018
USD,2026-02-23,0.902242
GBP,2026-02-23,1.167643
JPY,2026-02-23,0.005998
CHF,2026-02-23,1.010373
SEK,2026-02-23,0.092074
NOK,2026-02-23,0.085816
PLN,2026-02-23,0.235960
CZK,2026-02-23,0.041409
AUD,2026-02-23,0.620312
CAD,2026-02-23,0.731590
USD,2026-02-24,0.904982
GBP,2026-02-24,1.164685
JPY,2026-02-24,0.005995
CHF,2026-02-24,1.012050
SEK,2026-02-24,0.091815
NOK,2026-02-24,0.085822
PLN,2026-02-24,0.236335
CZK,2026-02-24,0.041289
AUD,2026-02-24,0.619662
CAD,2026-02-24,0.729573
USD,2026-02-25,0.904301
GBP,2026-02-25,1.164599
JPY,2026-02-25,0.006013
CHF,2026-02-25,1.012096
SEK,2026-02-25,0.091985
NOK,2026-02-25,0.085717
PLN,2026-02-25,0.236421
CZK,2026-02-25,0.041349
AUD,2026-02-25,0.621331
CAD,2026-02-25,0.731790
USD,2026-02-26,0.907326
GBP,2026-02-26,1.167967
JPY,2026-02-26,0.006024
CHF,2026-02-26,1.014485
SEK,2026-02-26,0.091712
NOK,2026-02-26,0.085782
PLN,2026-02-26,0.236182
CZK,2026-02-26,0.041247
AUD,2026-02-26,0.619336
CAD,2026-02-26,0.731100
USD,2026-02-27,0.908617
GBP,2026-02-27,1.164868
JPY,2026-02-27,0.006018
CHF,2026-02-27,1.015202
SEK,2026-02-27,0.091963
NOK,2026-02-27,0.085618
PLN,2026-02-27,0.236699
CZK,2026-02-27,0.041260
AUD,2026-02-27,0.617395
CAD,2026-02-27,0.728650
USD,2026-02-28,0.907688
GBP,2026-02-28,1.165203
JPY,2026-02-28,0.005999
CHF,2026-02-28,1.015866
SEK,2026-02-28,0.091933
NOK,2026-02-28,0.085738
PLN,2026-02-28,0.236086
CZK,2026-02-28,0.041298
AUD,2026-02-28,0.616082
CAD,2026-02-28,0.730900
USD,2026-03-01,0.910619
GBP,2026-03-01,1.165552
JPY,2026-03-01,0.006007
CHF,2026-03-01,1.015874
SEK,2026-03-01,0.091936
NOK,2026-03-01,0.085472
PLN,2026-03-01,0.235587
CZK,2026-03-01,0.041288
AUD,2026-03-01,0.617531
CAD,2026-03-01,0.731247
USD,2026-03-02,0.911010
GBP,2026-03-02,1.164229
JPY,2026-03-02,0.006018
CHF,2026-03-02,1.018111
SEK,2026-03-02,0.091816
NOK,2026-03-02,0.085263
PLN,2026-03-02,0.235706
CZK,2026-03-02,0.041220
AUD,2026-03-02,0.618157
CAD,2026-03-02,0.729986
USD,2026-03-03,0.911572
GBP,2026-03-03,1.167652
JPY,2026-03-03,0.006032
CHF,2026-03-03,1.018151
SEK,2026-03-03,0.092042
NOK,2026-03-03,0.085382
PLN,2026-03-03,0.235767
CZK,2026-03-03,0.041303
AUD,2026-03-03,0.618822
CAD,2026-03-03,0.727664
USD,2026-03-04,0.914726
GBP,2026-03-04,1.169434
JPY,2026-03-04,0.006025
CHF,2026-03-04,1.021317
SEK,2026-03-04,0.091866
NOK,2026-03-04,0.085379
PLN,2026-03-04,0.235955
CZK,2026-03-04,0.041196
AUD,2026-03-04,0.619462
CAD,2026-03-04,0.726892
USD,2026-03-05,0.917657
GBP,2026-03-05,1.171619
JPY,2026-03-05,0.006014
CHF,2026-03-05,1.020992
SEK,2026-03-05,0.091649
NOK,2026-03-05,0.085495
PLN,2026-03-05,0.236173
CZK,2026-03-05,0.041260
AUD,2026-03-05,0.620984
CAD,2026-03-05,0.726311
USD,2026-03-06,0.919418
GBP,2026-03-06,1.168027
JPY,2026-03-06,0.006006
CHF,2026-03-06,1.018513
SEK,2026-03-06,0.091385
NOK,2026-03-06,0.085667
PLN,2026-03-06,0.236358
CZK,2026-03-06,0.041356
AUD,2026-03-06,0.619190
CAD,2026-03-06,0.725999
USD,2026-03-07,0.917658
GBP,2026-03-07,1.167847
JPY,2026-03-07,0.006022
CHF,2026-03-07,1.020752
SEK,2026-03-07,0.091066
NOK,2026-03-07,0.085829
PLN,2026-03-07,0.235762
CZK,2026-03-07,0.041243
AUD,2026-03-07,0.620916
CAD,2026-03-07,0.724096
USD,2026-03-08,0.915109
GBP,2026-03-08,1.167107
JPY,2026-03-08,0.006010
CHF,2026-03-08,1.022267
SEK,2026-03-08,0.091036
NOK,2026-03-08,0.085937
PLN,2026-03-08,0.235816
CZK,2026-03-08,0.041185
AUD,2026-03-08,0.622954
CAD,2026-03-08,0.722003
USD,2026-03-09,0.916299
GBP,2026-03-09,1.168883
JPY,2026-03-09,0.005998
CHF,2026-03-09,1.021908
SEK,2026-03-09,0.091115
NOK,2026-03-09,0.085959
PLN,2026-03-09,0.235172
CZK,2026-03-09,0.041053
AUD,2026-03-09,0.623374
CAD,2026-03-09,0.721696
USD,2026-03-10,0.913322
GBP,2026-03-10,1.170635
JPY,2026-03-10,0.006016
CHF,2026-03-10,1.021297
SEK,2026-03-10,0.090921
NOK,2026-03-10,0.085780
PLN,2026-03-10,0.234625
CZK,2026-03-10,0.041182
AUD,2026-03-10,0.622232
CAD,2026-03-10,0.719875
USD,2026-03-11,0.912101
GBP,2026-03-11,1.171484
JPY,2026-03-11,0.006031
CHF,2026-03-11,1.021139
SEK,2026-03-11,0.091074
NOK,2026-03-11,0.085497
PLN,2026-03-11,0.234066
CZK,2026-03-11,0.041181
AUD,2026-03-11,0.623725
CAD,2026-03-11,0.718709
USD,2026-03-12,0.912688
GBP,2026-03-12,1.169804
JPY,2026-03-12,0.006010
CHF,2026-03-12,1.022452
SEK,2026-03-12,0.091065
NOK,2026-03-12,0.085229
PLN,2026-03-12,0.234498
CZK,2026-03-12,0.041162
AUD,2026-03-12,0.623789
CAD,2026-03-12,0.718814
USD,2026-03-13,0.913320
GBP,2026-03-13,1.166944
JPY,2026-03-13,0.005991
CHF,2026-03-13,1.020006
SEK,2026-03-13,0.091028
NOK,2026-03-13,0.085191
PLN,2026-03-13,0.234814
CZK,2026-03-13,0.041190
AUD,2026-03-13,0.621880
CAD,2026-03-13,0.718810
USD,2026-03-14,0.915907
GBP,2026-03-14,1.163507
JPY,2026-03-14,0.006009
CHF,2026-03-14,1.021965
SEK,2026-03-14,0.091170
NOK,2026-03-14,0.085011
PLN,2026-03-14,0.235071
CZK,2026-03-14,0.041118
AUD,2026-03-14,0.621328
CAD,2026-03-14,0.720961
USD,2026-03-15,0.916171
GBP,2026-03-15,1.164885
JPY,2026-03-15,0.005990
CHF,2026-03-15,1.024249
SEK,2026-03-15,0.091474
NOK,2026-03-15,0.084977
PLN,2026-03-15,0.234659
CZK,2026-03-15,0.041067
AUD,2026-03-15,0.621170
CAD,2026-03-15,0.719877
USD,2026-03-16,0.914048
GBP,2026-03-16,1.166178
JPY,2026-03-16,0.005977
CHF,2026-03-16,1.025796
SEK,2026-03-16,0.091644
NOK,2026-03-16,0.085240
PLN,2026-03-16,0.234996
CZK,2026-03-16,0.041180
AUD,2026-03-16,0.622962
CAD,2026-03-16,0.721560
USD,2026-03-17,0.917238
GBP,2026-03-17,1.169097
JPY,2026-03-17,0.005968
CHF,2026-03-17,1.022620
SEK,2026-03-17,0.091912
NOK,2026-03-17,0.085423
PLN,2026-03-17,0.234214
CZK,2026-03-17,0.041168
AUD,2026-03-17,0.624748
CAD,2026-03-17,0.719933
USD,2026-03-18,0.916728
GBP,2026-03-18,1.167918
JPY,2026-03-18,0.005987
CHF,2026-03-18,1.023881
SEK,2026-03-18,0.092080
NOK,2026-03-18,0.085502
PLN,2026-03-18,0.233720
CZK,2026-03-18,0.041256
AUD,2026-03-18,0.623755
CAD,2026-03-18,0.720431
USD,2026-03-19,0.918729
GBP,2026-03-19,1.163831
JPY,2026-03-19,0.006004
CHF,2026-03-19,1.024561
SEK,2026-03-19,0.092358
NOK,2026-03-19,0.085451
PLN,2026-03-19,0.234466
CZK,2026-03-19,0.041343
AUD,2026-03-19,0.625654
CAD,2026-03-19,0.718603
USD,2026-03-20,0.918161
GBP,2026-03-20,1.161858
JPY,2026-03-20,0.006018
CHF,2026-03-20,1.024490
SEK,2026-03-20,0.092346
NOK,2026-03-20,0.085187
PLN,2026-03-20,0.234677
CZK,2026-03-20,0.041389
AUD,2026-03-20,0.627332
CAD,2026-03-20,0.719345
USD,2026-03-21,0.916605
GBP,2026-03-21,1.159688
JPY,2026-03-21,0.006034
CHF,2026-03-21,1.026666
SEK,2026-03-21,0.092602
NOK,2026-03-21,0.085103
PLN,2026-03-21,0.235083
CZK,2026-03-21,0.041368
AUD,2026-03-21,0.625818
CAD,2026-03-21,0.721126
USD,2026-03-22,0.915844
GBP,2026-03-22,1.157410
JPY,2026-03-22,0.006027
CHF,2026-03-22,1.027648
SEK,2026-03-22,0.092719
NOK,2026-03-22,0.084994
PLN,2026-03-22,0.234360
CZK,2026-03-22,0.041225
AUD,2026-03-22,0.624102
CAD,2026-03-22,0.720218
USD,2026-03-23,0.917286
GBP,2026-03-23,1.159738
JPY,2026-03-23,0.006020
CHF,2026-03-23,1.027164
SEK,2026-03-23,0.092780
NOK,2026-03-23,0.084721
PLN,2026-03-23,0.233720
CZK,2026-03-23,0.041222
AUD,2026-03-23,0.624874
CAD,2026-03-23,0.719250
USD,2026-03-24,0.917594
GBP,2026-03-24,1.155937
JPY,2026-03-24,0.006019
CHF,2026-03-24,1.029289
SEK,2026-03-24,0.092992
NOK,2026-03-24,0.084672
PLN,2026-03-24,0.233943
CZK,2026-03-24,0.041329
AUD,2026-03-24,0.623737
CAD,2026-03-24,0.719133
USD,2026-03-25,0.914401
GBP,2026-03-25,1.153818
JPY,2026-03-25,0.006003
CHF,2026-03-25,1.029411
SEK,2026-03-25,0.093302
NOK,2026-03-25,0.084626
PLN,2026-03-25,0.233686
CZK,2026-03-25,0.041191
AUD,2026-03-25,0.624744
CAD,2026-03-25,0.720505
USD,2026-03-26,0.912909
GBP,2026-03-26,1.152135
JPY,2026-03-26,0.005985
CHF,2026-03-26,1.029582
SEK,2026-03-26,0.093606
NOK,2026-03-26,0.084521
PLN,2026-03-26,0.234205
CZK,2026-03-26,0.041219
AUD,2026-03-26,0.625789
CAD,2026-03-26,0.718709
USD,2026-03-27,0.915792
GBP,2026-03-27,1.150034
JPY,2026-03-27,0.005986
CHF,2026-03-27,1.027367
SEK,2026-03-27,0.093683
NOK,2026-03-27,0.084686
PLN,2026-03-27,0.234053
CZK,2026-03-27,0.041344
AUD,2026-03-27,0.625385
CAD,2026-03-27,0.716487
USD,2026-03-28,0.914383
GBP,2026-03-28,1.152381
JPY,2026-03-28,0.005968
CHF,2026-03-28,1.026746
SEK,2026-03-28,0.093707
NOK,2026-03-28,0.084918
PLN,2026-03-28,0.233421
CZK,2026-03-28,0.041347
AUD,2026-03-28,0.625730
CAD,2026-03-28,0.716867
USD,2026-03-29,0.916100
GBP,2026-03-29,1.153012
JPY,2026-03-29,0.005959
CHF,2026-03-29,1.029935
SEK,2026-03-29,0.093564
NOK,2026-03-29,0.084720
PLN,2026-03-29,0.233198
CZK,2026-03-29,0.041388
AUD,2026-03-29,0.627352
CAD,2026-03-29,0.715619
USD,2026-03-30,0.917514
GBP,2026-03-30,1.154542
JPY,2026-03-30,0.005946
CHF,2026-03-30,1.031806
SEK,2026-03-30,0.093485
NOK,2026-03-30,0.084578
PLN,2026-03-30,0.233841
CZK,2026-03-30,0.041360
AUD,2026-03-30,0.626043
CAD,2026-03-30,0.713548
USD,2026-03-31,0.914320
GBP,2026-03-31,1.153776
JPY,2026-03-31,0.005946
CHF,2026-03-31,1.034174
SEK,2026-03-31,0.093345
NOK,2026-03-31,0.084659
PLN,2026-03-31,0.234637
CZK,2026-03-31,0.041230
AUD,2026-03-31,0.626717
CAD,2026-03-31,0.711523
USD,2026-04-01,0.911307
GBP,2026-04-01,1.150532
JPY,2026-04-01,0.005960
CHF,2026-04-01,1.033579
SEK,2026-04-01,0.093138
NOK,2026-04-01,0.084426
PLN,2026-04-01,0.234952
CZK,2026-04-01,0.041192
AUD,2026-04-01,0.624573
CAD,2026-04-01,0.710127
USD,2026-04-02,0.913201
GBP,2026-04-02,1.149629
JPY,2026-04-02,0.005945
CHF,2026-04-02,1.032357
SEK,2026-04-02,0.092847
NOK,2026-04-02,0.084358
PLN,2026-04-02,0.234435
CZK,2026-04-02,0.041101
AUD,2026-04-02,0.622676
CAD,2026-04-02,0.711741
USD,2026-04-03,0.915369
GBP,2026-04-03,1.148630
JPY,2026-04-03,0.005950
CHF,2026-04-03,1.032984
SEK,2026-04-03,0.092652
NOK,2026-04-03,0.084428
PLN,2026-04-03,0.234575
CZK,2026-04-03,0.040960
AUD,2026-04-03,0.624619
CAD,2026-04-03,0.710146
USD,2026-04-04,0.915395
GBP,2026-04-04,1.148697
JPY,2026-04-04,0.005951
CHF,2026-04-04,1.034537
SEK,2026-04-04,0.092824
NOK,2026-04-04,0.084188
PLN,2026-04-04,0.234652
CZK,2026-04-04,0.040924
AUD,2026-04-04,0.626473
CAD,2026-04-04,0.710431
USD,2026-04-05,0.915368
GBP,2026-04-05,1.146226
JPY,2026-04-05,0.005940
CHF,2026-04-05,1.037057
SEK,2026-04-05,0.092698
NOK,2026-04-05,0.083919
PLN,2026-04-05,0.235020
CZK,2026-04-05,0.040983
AUD,2026-04-05,0.624874
CAD,2026-04-05,0.712211
USD,2026-04-06,0.915826
GBP,2026-04-06,1.145815
JPY,2026-04-06,0.005938
CHF,2026-04-06,1.039883
SEK,2026-04-06,0.092852
NOK,2026-04-06,0.083950
PLN,2026-04-06,0.234690
CZK,2026-04-06,0.041095
AUD,2026-04-06,0.625062
CAD,2026-04-06,0.711845
USD,2026-04-07,0.918240
GBP,2026-04-07,1.144019
JPY,2026-04-07,0.005940
CHF,2026-04-07,1.042476
SEK,2026-04-07,0.092998
NOK,2026-04-07,0.084193
PLN,2026-04-07,0.234283
CZK,2026-04-07,0.041105
AUD,2026-04-07,0.625093
CAD,2026-04-07,0.709934
USD,2026-04-08,0.918105
GBP,2026-04-08,1.142563
JPY,2026-04-08,0.005946
CHF,2026-04-08,1.044087
SEK,2026-04-08,0.092792
NOK,2026-04-08,0.083905
PLN,2026-04-08,0.234930
CZK,2026-04-08,0.041101
AUD,2026-04-08,0.624420
CAD,2026-04-08,0.708460
USD,2026-04-09,0.916315
GBP,2026-04-09,1.139710
JPY,2026-04-09,0.005951
CHF,2026-04-09,1.044325
SEK,2026-04-09,0.092692
NOK,2026-04-09,0.083950
PLN,2026-04-09,0.234513
CZK,2026-04-09,0.040967
AUD,2026-04-09,0.625331
CAD,2026-04-09,0.707166
USD,2026-04-10,0.916340
GBP,2026-04-10,1.137280
JPY,2026-04-10,0.005945
CHF,2026-04-10,1.044528
SEK,2026-04-10,0.092605
NOK,2026-04-10,0.083821
PLN,2026-04-10,0.234845
CZK,2026-04-10,0.040857
AUD,2026-04-10,0.625997
CAD,2026-04-10,0.707314
USD,2026-04-11,0.914689
GBP,2026-04-11,1.133579
JPY,2026-04-11,0.005926
CHF,2026-04-11,1.046906
SEK,2026-04-11,0.092856
NOK,2026-04-11,0.083841
PLN,2026-04-11,0.234780
CZK,2026-04-11,0.040836
AUD,2026-04-11,0.624518
CAD,2026-04-11,0.708758
USD,2026-04-12,0.912072
GBP,2026-04-12,1.132783
JPY,2026-04-12,0.005911
CHF,2026-04-12,1.045627
SEK,2026-04-12,0.092713
NOK,2026-04-12,0.083592
PLN,2026-04-12,0.235438
CZK,2026-04-12,0.040974
AUD,2026-04-12,0.622912
CAD,2026-04-12,0.707114
USD,2026-04-13,0.912042
GBP,2026-04-13,1.133950
JPY,2026-04-13,0.005925
CHF,2026-04-13,1.043504
SEK,2026-04-13,0.092980
NOK,2026-04-13,0.083379
PLN,2026-04-13,0.235935
CZK,2026-04-13,0.041040
AUD,2026-04-13,0.621502
CAD,2026-04-13,0.706705
USD,2026-04-14,0.914373
GBP,2026-04-14,1.130847
JPY,2026-04-14,0.005922
CHF,2026-04-14,1.046085
SEK,2026-04-14,0.093300
NOK,2026-04-14,0.083532
PLN,2026-04-14,0.236188
CZK,2026-04-14,0.041036
AUD,2026-04-14,0.619644
CAD,2026-04-14,0.704391
USD,2026-04-15,0.916052
GBP,2026-04-15,1.127704
JPY,2026-04-15,0.005927
CHF,2026-04-15,1.043137
SEK,2026-04-15,0.093513
NOK,2026-04-15,0.083524
PLN,2026-04-15,0.235783
CZK,2026-04-15,0.041052
AUD,2026-04-15,0.620843
CAD,2026-04-15,0.702477
USD,2026-04-16,0.918782
GBP,2026-04-16,1.129865
JPY,2026-04-16,0.005915
CHF,2026-04-16,1.043958
SEK,2026-04-16,0.093244
NOK,2026-04-16,0.083457
PLN,2026-04-16,0.236289
CZK,2026-04-16,0.041025
AUD,2026-04-16,0.621770
CAD,2026-04-16,0.701381
USD,2026-04-17,0.917956
GBP,2026-04-17,1.126838
JPY,2026-04-17,0.005917
CHF,2026-04-17,1.040590
SEK,2026-04-17,0.093102
NOK,2026-04-17,0.083693
PLN,2026-04-17,0.235637
CZK,2026-04-17,0.041001
AUD,2026-04-17,0.620080
CAD,2026-04-17,0.699721
USD,2026-04-18,0.917542
GBP,2026-04-18,1.125595
JPY,2026-04-18,0.005898
CHF,2026-04-18,1.042175
SEK,2026-04-18,0.092930
NOK,2026-04-18,0.083576
PLN,2026-04-18,0.234880
CZK,2026-04-18,0.041065
AUD,2026-04-18,0.619863
CAD,2026-04-18,0.697820
USD,2026-04-19,0.918622
GBP,2026-04-19,1.128197
JPY,2026-04-19,0.005908
CHF,2026-04-19,1.044336
SEK,2026-04-19,0.092910
NOK,2026-04-19,0.083372
PLN,2026-04-19,0.234466
CZK,2026-04-19,0.041144
AUD,2026-04-19,0.621078
CAD,2026-04-19,0.699099
USD,2026-04-20,0.917180
GBP,2026-04-20,1.128855
JPY,2026-04-20,0.005916
CHF,2026-04-20,1.045849
SEK,2026-04-20,0.093216
NOK,2026-04-20,0.083652
PLN,2026-04-20,0.234801
CZK,2026-04-20,0.041208
AUD,2026-04-20,0.622538
CAD,2026-04-20,0.701257
USD,2026-04-21,0.917628
GBP,2026-04-21,1.125490
JPY,2026-04-21,0.005924
CHF,2026-04-21,1.046879
SEK,2026-04-21,0.093029
NOK,2026-04-21,0.083802
PLN,2026-04-21,0.234634
CZK,2026-04-21,0.041332
AUD,2026-04-21,0.620570
CAD,2026-04-21,0.702873
USD,2026-04-22,0.920448
GBP,2026-04-22,1.128264
JPY,2026-04-22,0.005937
CHF,2026-04-22,1.045271
SEK,2026-04-22,0.092899
NOK,2026-04-22,0.084083
PLN,2026-04-22,0.234073
CZK,2026-04-22,0.041476
AUD,2026-04-22,0.620004
CAD,2026-04-22,0.702006
USD,2026-04-23,0.921789
GBP,2026-04-23,1.127629
JPY,2026-04-23,0.005925
CHF,2026-04-23,1.044308
SEK,2026-04-23,0.092698
NOK,2026-04-23,0.084342
PLN,2026-04-23,0.233538
CZK,2026-04-23,0.041595
AUD,2026-04-23,0.621112
CAD,2026-04-23,0.703675
USD,2026-04-24,0.922898
GBP,2026-04-24,1.129426
JPY,2026-04-24,0.005927
CHF,2026-04-24,1.043089
SEK,2026-04-24,0.092758
NOK,2026-04-24,0.084057
PLN,2026-04-24,0.234157
CZK,2026-04-24,0.041692
AUD,2026-04-24,0.620376
CAD,2026-04-24,0.701249
USD,2026-04-25,0.922315
GBP,2026-04-25,1.126860
JPY,2026-04-25,0.005936
CHF,2026-04-25,1.043729
SEK,2026-04-25,0.093059
NOK,2026-04-25,0.084143
PLN,2026-04-25,0.234732
CZK,2026-04-25,0.041652
AUD,2026-04-25,0.621117
CAD,2026-04-25,0.700317
USD,2026-04-26,0.922067
GBP,2026-04-26,1.129557
JPY,2026-04-26,0.005927
CHF,2026-04-26,1.040141
SEK,2026-04-26,0.093123
NOK,2026-04-26,0.083897
PLN,2026-04-26,0.234778
CZK,2026-04-26,0.041526
AUD,2026-04-26,0.622111
CAD,2026-04-26,0.700660
USD,2026-04-27,0.924631
GBP,2026-04-27,1.132287
JPY,2026-04-27,0.005936
CHF,2026-04-27,1.040224
SEK,2026-04-27,0.092974
NOK,2026-04-27,0.083976
PLN,2026-04-27,0.234478
CZK,2026-04-27,0.041449
AUD,2026-04-27,0.621751
CAD,2026-04-27,0.698289
USD,2026-04-28,0.925049
GBP,2026-04-28,1.131405
JPY,2026-04-28,0.005938
CHF,2026-04-28,1.037208
SEK,2026-04-28,0.093212
NOK,2026-04-28,0.083741
PLN,2026-04-28,0.235260
CZK,2026-04-28,0.041397
AUD,2026-04-28,0.623795
CAD,2026-04-28,0.700228
USD,2026-04-29,0.923411
GBP,2026-04-29,1.130253
JPY,2026-04-29,0.005925
CHF,2026-04-29,1.039922
SEK,2026-04-29,0.093383
NOK,2026-04-29,0.083787
PLN,2026-04-29,0.235804
CZK,2026-04-29,0.041392
AUD,2026-04-29,0.623209
CAD,2026-04-29,0.698263
USD,2026-04-30,0.922929
GBP,2026-04-30,1.128473
JPY,2026-04-30,0.005908
CHF,2026-04-30,1.040647
SEK,2026-04-30,0.093369
NOK,2026-04-30,0.083852
PLN,2026-04-30,0.235984
CZK,2026-04-30,0.041363
AUD,2026-04-30,0.622610
CAD,2026-04-30,0.698050
USD,2026-05-01,0.921342
GBP,2026-05-01,1.124761
JPY,2026-05-01,0.005928
CHF,2026-05-01,1.038021
SEK,2026-05-01,0.093078
NOK,2026-05-01,0.083694
PLN,2026-05-01,0.236688
CZK,2026-05-01,0.041246
AUD,2026-05-01,0.620709
CAD,2026-05-01,0.696841
USD,2026-05-02,0.924132
GBP,2026-05-02,1.123612
JPY,2026-05-02,0.005948
CHF,2026-05-02,1.038124
SEK,2026-05-02,0.093125
NOK,2026-05-02,0.083976
PLN,2026-05-02,0.236830
CZK,2026-05-02,0.041261
AUD,2026-05-02,0.622470
CAD,2026-05-02,0.695609
USD,2026-05-03,0.921987
GBP,2026-05-03,1.121061
JPY,2026-05-03,0.005944
CHF,2026-05-03,1.036857
SEK,2026-05-03,0.093388
NOK,2026-05-03,0.083817
PLN,2026-05-03,0.236401
CZK,2026-05-03,0.041202
AUD,2026-05-03,0.620700
CAD,2026-05-03,0.696273
USD,2026-05-04,0.923690
GBP,2026-05-04,1.120356
JPY,2026-05-04,0.005929
CHF,2026-05-04,1.035567
SEK,2026-05-04,0.093159
NOK,2026-05-04,0.083854
PLN,2026-05-04,0.236256
CZK,2026-05-04,0.041077
AUD,2026-05-04,0.620654
CAD,2026-05-04,0.695763
USD,2026-05-05,0.925645
GBP,2026-05-05,1.118617
JPY,2026-05-05,0.005919
CHF,2026-05-05,1.036208
SEK,2026-05-05,0.093450
NOK,2026-05-05,0.084140
PLN,2026-05-05,0.236511
CZK,2026-05-05,0.041149
AUD,2026-05-05,0.622548
CAD,2026-05-05,0.697145
USD,2026-05-06,0.923227
GBP,2026-05-06,1.118337
JPY,2026-05-06,0.005912
CHF,2026-05-06,1.037398
SEK,2026-05-06,0.093293
NOK,2026-05-06,0.084341
PLN,2026-05-06,0.236501
CZK,2026-05-06,0.041063
AUD,2026-05-06,0.621351
CAD,2026-05-06,0.697541
USD,2026-05-07,0.922045
GBP,2026-05-07,1.119390
JPY,2026-05-07,0.005914
CHF,2026-05-07,1.040060
SEK,2026-05-07,0.093313
NOK,2026-05-07,0.084260
PLN,2026-05-07,0.235688
CZK,2026-05-07,0.041107
AUD,2026-05-07,0.622016
CAD,2026-05-07,0.696091
USD,2026-05-08,0.921338
GBP,2026-05-08,1.120235
JPY,2026-05-08,0.005934
CHF,2026-05-08,1.038849
SEK,2026-05-08,0.093191
NOK,2026-05-08,0.084421
PLN,2026-05-08,0.234879
CZK,2026-05-08,0.041242
AUD,2026-05-08,0.623462
CAD,2026-05-08,0.695283
USD,2026-05-09,0.920365
GBP,2026-05-09,1.122226
JPY,2026-05-09,0.005940
CHF,2026-05-09,1.041471
SEK,2026-05-09,0.093363
NOK,2026-05-09,0.084279
PLN,2026-05-09,0.234908
CZK,2026-05-09,0.041110
AUD,2026-05-09,0.622897
CAD,2026-05-09,0.697646
USD,2026-05-10,0.921080
GBP,2026-05-10,1.121556
JPY,2026-05-10,0.005921
CHF,2026-05-10,1.037830
SEK,2026-05-10,0.093411
NOK,2026-05-10,0.084493
PLN,2026-05-10,0.235105
CZK,2026-05-10,0.041060
AUD,2026-05-10,0.621261
CAD,2026-05-10,0.700020
USD,2026-05-11,0.920904
GBP,2026-05-11,1.118465
JPY,2026-05-11,0.005912
CHF,2026-05-11,1.040475
SEK,2026-05-11,0.093481
NOK,2026-05-11,0.084378
PLN,2026-05-11,0.235312
CZK,2026-05-11,0.041031
AUD,2026-05-11,0.621701
CAD,2026-05-11,0.698952
USD,2026-05-12,0.922090
GBP,2026-05-12,1.119848
JPY,2026-05-12,0.005912
CHF,2026-05-12,1.043336
SEK,2026-05-12,0.093454
NOK,2026-05-12,0.084404
PLN,2026-05-12,0.234779
CZK,2026-05-12,0.041118
AUD,2026-05-12,0.620490
CAD,2026-05-12,0.696509
USD,2026-05-13,0.919183
GBP,2026-05-13,1.123640
JPY,2026-05-13,0.005917
CHF,2026-05-13,1.042986
SEK,2026-05-13,0.093171
NOK,2026-05-13,0.084654
PLN,2026-05-13,0.234668
CZK,2026-05-13,0.041170
AUD,2026-05-13,0.622286
CAD,2026-05-13,0.696680
USD,2026-05-14,0.918748
GBP,2026-05-14,1.124920
JPY,2026-05-14,0.005897
CHF,2026-05-14,1.045375
SEK,2026-05-14,0.093373
NOK,2026-05-14,0.084474
PLN,2026-05-14,0.234919
CZK,2026-05-14,0.041087
AUD,2026-05-14,0.624118
CAD,2026-05-14,0.694794
USD,2026-05-15,0.920237
GBP,2026-05-15,1.122601
JPY,2026-05-15,0.005898
CHF,2026-05-15,1.041906
SEK,2026-05-15,0.093440
NOK,2026-05-15,0.084204
PLN,2026-05-15,0.235077
CZK,2026-05-15,0.041127
AUD,2026-05-15,0.626158
CAD,2026-05-15,0.693377
USD,2026-05-16,0.917889
GBP,2026-05-16,1.119554
JPY,2026-05-16,0.005902
CHF,2026-05-16,1.045386
SEK,2026-05-16,0.093322
NOK,2026-05-16,0.084258
PLN,2026-05-16,0.235626
CZK,2026-05-16,0.041021
AUD,2026-05-16,0.627839
CAD,2026-05-16,0.691107
USD,2026-05-17,0.919189
GBP,2026-05-17,1.116220
JPY,2026-05-17,0.005896
CHF,2026-05-17,1.047648
SEK,2026-05-17,0.093527
NOK,2026-05-17,0.084470
PLN,2026-05-17,0.236379
CZK,2026-05-17,0.040887
AUD,2026-05-17,0.625961
CAD,2026-05-17,0.693110
USD,2026-05-18,0.919018
GBP,2026-05-18,1.117954
JPY,2026-05-18,0.005909
CHF,2026-05-18,1.046431
SEK,2026-05-18,0.093595
NOK,2026-05-18,0.084202
PLN,2026-05-18,0.236213
CZK,2026-05-18,0.040879
AUD,2026-05-18,0.625819
CAD,2026-05-18,0.691125
USD,2026-05-19,0.915960
GBP,2026-05-19,1.117944
JPY,2026-05-19,0.005893
CHF,2026-05-19,1.047673
SEK,2026-05-19,0.093284
NOK,2026-05-19,0.083995
PLN,2026-05-19,0.235436
CZK,2026-05-19,0.040866
AUD,2026-05-19,0.624986
CAD,2026-05-19,0.689498
USD,2026-05-20,0.913414
GBP,2026-05-20,1.114888
JPY,2026-05-20,0.005900
CHF,2026-05-20,1.051071
SEK,2026-05-20,0.092984
NOK,2026-05-20,0.083940
PLN,2026-05-20,0.236233
CZK,2026-05-20,0.040928
AUD,2026-05-20,0.623610
CAD,2026-05-20,0.690585
USD,2026-05-21,0.913327
GBP,2026-05-21,1.117035
JPY,2026-05-21,0.005882
CHF,2026-05-21,1.049843
SEK,2026-05-21,0.092793
NOK,2026-05-21,0.084089
PLN,2026-05-21,0.236431
CZK,2026-05-21,0.040844
AUD,2026-05-21,0.621703
CAD,2026-05-21,0.692510
USD,2026-05-22,0.911643
GBP,2026-05-22,1.119451
JPY,2026-05-22,0.005865
CHF,2026-05-22,1.047446
SEK,2026-05-22,0.092911
NOK,2026-05-22,0.084272
PLN,2026-05-22,0.235640
CZK,2026-05-22,0.040842
AUD,2026-05-22,0.621174
CAD,2026-05-22,0.693247
USD,2026-05-23,0.911240
GBP,2026-05-23,1.115638
JPY,2026-05-23,0.005860
CHF,2026-05-23,1.045096
SEK,2026-05-23,0.092676
NOK,2026-05-23,0.084288
PLN,2026-05-23,0.235366
CZK,2026-05-23,0.040926
AUD,2026-05-23,0.620108
CAD,2026-05-23,0.695545
USD,2026-05-24,0.909508
GBP,2026-05-24,1.116044
JPY,2026-05-24,0.005857
CHF,2026-05-24,1.044076
SEK,2026-05-24,0.092764
NOK,2026-05-24,0.084202
PLN,2026-05-24,0.235389
CZK,2026-05-24,0.040870
AUD,2026-05-24,0.619566
CAD,2026-05-24,0.694483
USD,2026-05-25,0.911773
GBP,2026-05-25,1.112209
JPY,2026-05-25,0.005843
CHF,2026-05-25,1.046316
SEK,2026-05-25,0.092990
NOK,2026-05-25,0.084354
PLN,2026-05-25,0.235122
CZK,2026-05-25,0.040891
AUD,2026-05-25,0.621232
CAD,2026-05-25,0.695435
USD,2026-05-26,0.912615
GBP,2026-05-26,1.112837
JPY,2026-05-26,0.005833
CHF,2026-05-26,1.047257
SEK,2026-05-26,0.092899
NOK,2026-05-26,0.084527
PLN,2026-05-26,0.234522
CZK,2026-05-26,0.040997
AUD,2026-05-26,0.623186
CAD,2026-05-26,0.694276
USD,2026-05-27,0.910903
GBP,2026-05-27,1.110058
JPY,2026-05-27,0.005826
CHF,2026-05-27,1.044315
SEK,2026-05-27,0.092650
NOK,2026-05-27,0.084787
PLN,2026-05-27,0.234330
CZK,2026-05-27,0.040950
AUD,2026-05-27,0.623379
CAD,2026-05-27,0.695305
USD,2026-05-28,0.911464
GBP,2026-05-28,1.107636
JPY,2026-05-28,0.005829
CHF,2026-05-28,1.047922
SEK,2026-05-28,0.092368
NOK,2026-05-28,0.084675
PLN,2026-05-28,0.233862
CZK,2026-05-28,0.040898
AUD,2026-05-28,0.622056
CAD,2026-05-28,0.696676
USD,2026-05-29,0.909446
GBP,2026-05-29,1.107126
JPY,2026-05-29,0.005842
CHF,2026-05-29,1.044599
SEK,2026-05-29,0.092108
NOK,2026-05-29,0.084639
PLN,2026-05-29,0.233554
CZK,2026-05-29,0.041021
AUD,2026-05-29,0.621430
CAD,2026-05-29,0.696630
USD,2026-05-30,0.911006
GBP,2026-05-30,1.106543
JPY,2026-05-30,0.005850
CHF,2026-05-30,1.043057
SEK,2026-05-30,0.092172
NOK,2026-05-30,0.084386
PLN,2026-05-30,0.233679
CZK,2026-05-30,0.041153
AUD,2026-05-30,0.620796
CAD,2026-05-30,0.698691
USD,2026-05-31,0.912966
GBP,2026-05-31,1.104192
JPY,2026-05-31,0.005862
CHF,2026-05-31,1.039927
SEK,2026-05-31,0.092239
NOK,2026-05-31,0.084474
PLN,2026-05-31,0.233044
CZK,2026-05-31,0.041130
AUD,2026-05-31,0.619481
CAD,2026-05-31,0.698197
USD,2026-06-01,0.911842
GBP,2026-06-01,1.101928
JPY,2026-06-01,0.005868
CHF,2026-06-01,1.039242
SEK,2026-06-01,0.092084
NOK,2026-06-01,0.084307
PLN,2026-06-01,0.232852
CZK,2026-06-01,0.041167
AUD,2026-06-01,0.617619
CAD,2026-06-01,0.700532
USD,2026-06-02,0.911917
GBP,2026-06-02,1.102119
JPY,2026-06-02,0.005887
CHF,2026-06-02,1.038936
SEK,2026-06-02,0.092098
NOK,2026-06-02,0.084542
PLN,2026-06-02,0.233515
CZK,2026-06-02,0.041190
AUD,2026-06-02,0.617935
CAD,2026-06-02,0.701874
USD,2026-06-03,0.915073
GBP,2026-06-03,1.104790
JPY,2026-06-03,0.005902
CHF,2026-06-03,1.036758
SEK,2026-06-03,0.092024
NOK,2026-06-03,0.084805
PLN,2026-06-03,0.233850
CZK,2026-06-03,0.041277
AUD,2026-06-03,0.615778
CAD,2026-06-03,0.703045
USD,2026-06-04,0.918125
GBP,2026-06-04,1.103442
JPY,2026-06-04,0.005909
CHF,2026-06-04,1.035791
SEK,2026-06-04,0.092245
NOK,2026-06-04,0.084560
PLN,2026-06-04,0.234179
CZK,2026-06-04,0.041165
AUD,2026-06-04,0.615268
CAD,2026-06-04,0.702240
USD,2026-06-05,0.916770
GBP,2026-06-05,1.106691
JPY,2026-06-05,0.005899
CHF,2026-06-05,1.032759
SEK,2026-06-05,0.092407
NOK,2026-06-05,0.084792
PLN,2026-06-05,0.234501
CZK,2026-06-05,0.041152
AUD,2026-06-05,0.615693
CAD,2026-06-05,0.701691
USD,2026-06-06,0.915629
GBP,2026-06-06,1.105365
JPY,2026-06-06,0.005912
CHF,2026-06-06,1.031269
SEK,2026-06-06,0.092161
NOK,2026-06-06,0.084555
PLN,2026-06-06,0.233682
CZK,2026-06-06,0.041089
AUD,2026-06-06,0.615590
CAD,2026-06-06,0.702518
USD,2026-06-07,0.912655
GBP,2026-06-07,1.103099
JPY,2026-06-07,0.005902
CHF,2026-06-07,1.032394
SEK,2026-06-07,0.092439
NOK,2026-06-07,0.084468
PLN,2026-06-07,0.234318
CZK,2026-06-07,0.041215
AUD,2026-06-07,0.613913
CAD,2026-06-07,0.704719
USD,2026-06-08,0.912674
GBP,2026-06-08,1.103168
JPY,2026-06-08,0.005904
CHF,2026-06-08,1.035298
SEK,2026-06-08,0.092706
NOK,2026-06-08,0.084554
PLN,2026-06-08,0.233805
CZK,2026-06-08,0.041349
AUD,2026-06-08,0.614301
CAD,2026-06-08,0.702270
USD,2026-06-09,0.911544
GBP,2026-06-09,1.105239
JPY,2026-06-09,0.005901
CHF,2026-06-09,1.034139
SEK,2026-06-09,0.092556
NOK,2026-06-09,0.084449
PLN,2026-06-09,0.233932
CZK,2026-06-09,0.041209
AUD,2026-06-09,0.613185
CAD,2026-06-09,0.702195
USD,2026-06-10,0.910645
GBP,2026-06-10,1.106170
JPY,2026-06-10,0.005888
CHF,2026-06-10,1.031103
SEK,2026-06-10,0.092467
NOK,2026-06-10,0.084210
PLN,2026-06-10,0.234212
CZK,2026-06-10,0.041114
AUD,2026-06-10,0.612633
CAD,2026-06-10,0.703227
USD,2026-06-11,0.908081
GBP,2026-06-11,1.108141
JPY,2026-06-11,0.005870
CHF,2026-06-11,1.027816
SEK,2026-06-11,0.092165
NOK,2026-06-11,0.083978
PLN,2026-06-11,0.234205
CZK,2026-06-11,0.041104
AUD,2026-06-11,0.612211
CAD,2026-06-11,0.705275
USD,2026-06-12,0.905775
GBP,2026-06-12,1.111732
JPY,2026-06-12,0.005865
CHF,2026-06-12,1.029521
SEK,2026-06-12,0.092418
NOK,2026-06-12,0.083787
PLN,2026-06-12,0.234003
CZK,2026-06-12,0.040966
AUD,2026-06-12,0.610806
CAD,2026-06-12,0.707266
USD,2026-06-13,0.907602
GBP,2026-06-13,1.108855
JPY,2026-06-13,0.005855
CHF,2026-06-13,1.031638
SEK,2026-06-13,0.092575
NOK,2026-06-13,0.084011
PLN,2026-06-13,0.234485
CZK,2026-06-13,0.040866
AUD,2026-06-13,0.610240
CAD,2026-06-13,0.705439
USD,2026-06-14,0.909861
GBP,2026-06-14,1.106627
JPY,2026-06-14,0.005875
CHF,2026-06-14,1.033868
SEK,2026-06-14,0.092445
NOK,2026-06-14,0.083957
PLN,2026-06-14,0.234665
CZK,2026-06-14,0.040870
AUD,2026-06-14,0.609562
CAD,2026-06-14,0.707085
USD,2026-06-15,0.911948
GBP,2026-06-15,1.104723
JPY,2026-06-15,0.005890
CHF,2026-06-15,1.034907
SEK,2026-06-15,0.092551
NOK,2026-06-15,0.083984
PLN,2026-06-15,0.235055
CZK,2026-06-15,0.040973
AUD,2026-06-15,0.608526
CAD,2026-06-15,0.708621
USD,2026-06-16,0.909677
GBP,2026-06-16,1.108060
JPY,2026-06-16,0.005872
CHF,2026-06-16,1.036731
SEK,2026-06-16,0.092612
NOK,2026-06-16,0.083812
PLN,2026-06-16,0.235559
CZK,2026-06-16,0.040860
AUD,2026-06-16,0.607084
CAD,2026-06-16,0.709444
USD,2026-06-17,0.907490
GBP,2026-06-17,1.105638
JPY,2026-06-17,0.005878
CHF,2026-06-17,1.039557
SEK,2026-06-17,0.092593
NOK,2026-06-17,0.083604
PLN,2026-06-17,0.235762
CZK,2026-06-17,0.040817
AUD,2026-06-17,0.606426
CAD,2026-06-17,0.709130
USD,2026-06-18,0.906978
GBP,2026-06-18,1.103978
JPY,2026-06-18,0.005859
CHF,2026-06-18,1.038695
SEK,2026-06-18,0.092387
NOK,2026-06-18,0.083615
PLN,2026-06-18,0.235130
CZK,2026-06-18,0.040810
AUD,2026-06-18,0.608102
CAD,2026-06-18,0.711532
USD,2026-06-19,0.907549
GBP,2026-06-19,1.103541
JPY,2026-06-19,0.005855
CHF,2026-06-19,1.037875
SEK,2026-06-19,0.092132
NOK,2026-06-19,0.083330
PLN,2026-06-19,0.234890
CZK,2026-06-19,0.040813
AUD,2026-06-19,0.607999
CAD,2026-06-19,0.713576
USD,2026-06-20,0.910498
GBP,2026-06-20,1.102974
JPY,2026-06-20,0.005839
CHF,2026-06-20,1.038591
SEK,2026-06-20,0.092430
NOK,2026-06-20,0.083156
PLN,2026-06-20,0.234279
CZK,2026-06-20,0.040794
AUD,2026-06-20,0.606826
CAD,2026-06-20,0.715533
USD,2026-06-21,0.909181
GBP,2026-06-21,1.100830
JPY,2026-06-21,0.005853
CHF,2026-06-21,1.039841
SEK,2026-06-21,0.092423
NOK,2026-06-21,0.083290
PLN,2026-06-21,0.234681
CZK,2026-06-21,0.040789
AUD,2026-06-21,0.606616
CAD,2026-06-21,0.717311
USD,2026-06-22,0.909921
GBP,2026-06-22,1.098928
JPY,2026-06-22,0.005834
CHF,2026-06-22,1.037113
SEK,2026-06-22,0.092599
NOK,2026-06-22,0.083185
PLN,2026-06-22,0.234445
CZK,2026-06-22,0.040791
AUD,2026-06-22,0.608052
CAD,2026-06-22,0.719479
USD,2026-06-23,0.907590
GBP,2026-06-23,1.095932
JPY,2026-06-23,0.005844
CHF,2026-06-23,1.040355
SEK,2026-06-23,0.092420
NOK,2026-06-23,0.083321
PLN,2026-06-23,0.235163
CZK,2026-06-23,0.040827
AUD,2026-06-23,0.609487
CAD,2026-06-23,0.717155
USD,2026-06-24,0.909136
GBP,2026-06-24,1.093515
JPY,2026-06-24,0.005845
CHF,2026-06-24,1.042441
SEK,2026-06-24,0.092598
NOK,2026-06-24,0.083564
PLN,2026-06-24,0.235412
CZK,2026-06-24,0.040728
AUD,2026-06-24,0.609611
CAD,2026-06-24,0.715799
USD,2026-06-25,0.906113
GBP,2026-06-25,1.092819
JPY,2026-06-25,0.005854
CHF,2026-06-25,1.044329
SEK,2026-06-25,0.092683
NOK,2026-06-25,0.083372
PLN,2026-06-25,0.234921
CZK,2026-06-25,0.040708
AUD,2026-06-25,0.611495
CAD,2026-06-25,0.713535
USD,2026-06-26,0.904017
GBP,2026-06-26,1.092796
JPY,2026-06-26,0.005872
CHF,2026-06-26,1.046867
SEK,2026-06-26,0.092587
NOK,2026-06-26,0.083365
PLN,2026-06-26,0.235339
CZK,2026-06-26,0.040610
AUD,2026-06-26,0.609733
CAD,2026-06-26,0.712981
USD,2026-06-27,0.905363
GBP,2026-06-27,1.093478
JPY,2026-06-27,0.005881
CHF,2026-06-27,1.048560
SEK,2026-06-27,0.092701
NOK,2026-06-27,0.083451
PLN,2026-06-27,0.235089
CZK,2026-06-27,0.040708
AUD,2026-06-27,0.611517
CAD,2026-06-27,0.714101
USD,2026-06-28,0.908037
GBP,2026-06-28,1.097038
JPY,2026-06-28,0.005864
CHF,2026-06-28,1.049736
SEK,2026-06-28,0.092851
NOK,2026-06-28,0.083356
PLN,2026-06-28,0.235017
CZK,2026-06-28,0.040765
AUD,2026-06-28,0.610034
CAD,2026-06-28,0.716274
USD,2026-06-29,0.905324
GBP,2026-06-29,1.099731
JPY,2026-06-29,0.005853
CHF,2026-06-29,1.047986
SEK,2026-06-29,0.093069
NOK,2026-06-29,0.083367
PLN,2026-06-29,0.234296
CZK,2026-06-29,0.040639
AUD,2026-06-29,0.610683
CAD,2026-06-29,0.714371
USD,2026-06-30,0.905487
GBP,2026-06-30,1.101229
JPY,2026-06-30,0.005868
CHF,2026-06-30,1.051138
SEK,2026-06-30,0.093010
NOK,2026-06-30,0.083161
PLN,2026-06-30,0.233989
CZK,2026-06-30,0.040747
AUD,2026-06-30,0.611096
CAD,2026-06-30,0.713490
USD,2026-07-01,0.903288
GBP,2026-07-01,1.099086
JPY,2026-07-01,0.005882
CHF,2026-07-01,1.048165
SEK,2026-07-01,0.092858
NOK,2026-07-01,0.083398
PLN,2026-07-01,0.233497
CZK,2026-07-01,0.040690
AUD,2026-07-01,0.610342
CAD,2026-07-01,0.711398
USD,2026-07-02,0.904202
GBP,2026-07-02,1.096311
JPY,2026-07-02,0.005876
CHF,2026-07-02,1.045195
SEK,2026-07-02,0.092867
NOK,2026-07-02,0.083224
PLN,2026-07-02,0.233320
CZK,2026-07-02,0.040736
AUD,2026-07-02,0.610697
CAD,2026-07-02,0.711022
USD,2026-07-03,0.906113
GBP,2026-07-03,1.098373
JPY,2026-07-03,0.005885
CHF,2026-07-03,1.045974
SEK,2026-07-03,0.092854
NOK,2026-07-03,0.083406
PLN,2026-07-03,0.232790
CZK,2026-07-03,0.040596
AUD,2026-07-03,0.612709
CAD,2026-07-03,0.710576
USD,2026-07-04,0.906243
GBP,2026-07-04,1.097965
JPY,2026-07-04,0.005878
CHF,2026-07-04,1.048397
SEK,2026-07-04,0.092843
NOK,2026-07-04,0.083329
PLN,2026-07-04,0.232654
CZK,2026-07-04,0.040658
AUD,2026-07-04,0.612168
CAD,2026-07-04,0.709929
USD,2026-07-05,0.905765
GBP,2026-07-05,1.098685
JPY,2026-07-05,0.005891
CHF,2026-07-05,1.048821
SEK,2026-07-05,0.092791
NOK,2026-07-05,0.083219
PLN,2026-07-05,0.232391
CZK,2026-07-05,0.040537
AUD,2026-07-05,0.610669
CAD,2026-07-05,0.710831
USD,2026-07-06,0.904083
GBP,2026-07-06,1.101028
JPY,2026-07-06,0.005890
CHF,2026-07-06,1.050322
SEK,2026-07-06,0.092584
NOK,2026-07-06,0.083451
PLN,2026-07-06,0.232282
CZK,2026-07-06,0.040647
AUD,2026-07-06,0.612076
CAD,2026-07-06,0.710415
USD,2026-07-07,0.902009
GBP,2026-07-07,1.101354
JPY,2026-07-07,0.005882
CHF,2026-07-07,1.053288
SEK,2026-07-07,0.092379
NOK,2026-07-07,0.083528
PLN,2026-07-07,0.232133
CZK,2026-07-07,0.040593
AUD,2026-07-07,0.612657
CAD,2026-07-07,0.711128
USD,2026-07-08,0.901368
GBP,2026-07-08,1.102688
JPY,2026-07-08,0.005870
CHF,2026-07-08,1.052233
SEK,2026-07-08,0.092231
NOK,2026-07-08,0.083660
PLN,2026-07-08,0.232071
CZK,2026-07-08,0.040569
AUD,2026-07-08,0.611196
CAD,2026-07-08,0.711132
USD,2026-07-09,0.899560
GBP,2026-07-09,1.099232
JPY,2026-07-09,0.005860
CHF,2026-07-09,1.053194
SEK,2026-07-09,0.092339
NOK,2026-07-09,0.083446
PLN,2026-07-09,0.232567
CZK,2026-07-09,0.040658
AUD,2026-07-09,0.611615
CAD,2026-07-09,0.709717
USD,2026-07-10,0.896994
GBP,2026-07-10,1.095896
JPY,2026-07-10,0.005846
CHF,2026-07-10,1.053362
SEK,2026-07-10,0.092533
NOK,2026-07-10,0.083547
PLN,2026-07-10,0.232924
CZK,2026-07-10,0.040676
AUD,2026-07-10,0.611798
CAD,2026-07-10,0.710077
USD,2026-07-11,0.896861
GBP,2026-07-11,1.092421
JPY,2026-07-11,0.005866
CHF,2026-07-11,1.049758
SEK,2026-07-11,0.092716
NOK,2026-07-11,0.083623
PLN,2026-07-11,0.232734
CZK,2026-07-11,0.040560
AUD,2026-07-11,0.611453
CAD,2026-07-11,0.707832
USD,2026-07-12,0.898693
GBP,2026-07-12,1.092748
JPY,2026-07-12,0.005856
CHF,2026-07-12,1.050165
SEK,2026-07-12,0.092567
NOK,2026-07-12,0.083571
PLN,2026-07-12,0.232130
CZK,2026-07-12,0.040544
AUD,2026-07-12,0.612609
CAD,2026-07-12,0.710010
USD,2026-07-13,0.899389
GBP,2026-07-13,1.091002
JPY,2026-07-13,0.005840
CHF,2026-07-13,1.051650
SEK,2026-07-13,0.092816
NOK,2026-07-13,0.083754
PLN,2026-07-13,0.232478
CZK,2026-07-13,0.040571
AUD,2026-07-13,0.613996
CAD,2026-07-13,0.709829
USD,2026-07-14,0.900014
GBP,2026-07-14,1.088067
JPY,2026-07-14,0.005846
CHF,2026-07-14,1.054977
SEK,2026-07-14,0.093022
NOK,2026-07-14,0.083604
PLN,2026-07-14,0.232728
CZK,2026-07-14,0.040606
AUD,2026-07-14,0.613279
CAD,2026-07-14,0.708944
USD,2026-07-15,0.899743
GBP,2026-07-15,1.088863
JPY,2026-07-15,0.005855
CHF,2026-07-15,1.051527
SEK,2026-07-15,0.092839
NOK,2026-07-15,0.083646
PLN,2026-07-15,0.232408
CZK,2026-07-15,0.040676
AUD,2026-07-15,0.615336
CAD,2026-07-15,0.708206
USD,2026-07-16,0.897202
GBP,2026-07-16,1.086464
JPY,2026-07-16,0.005850
CHF,2026-07-16,1.052032
SEK,2026-07-16,0.092697
NOK,2026-07-16,0.083532
PLN,2026-07-16,0.232355
CZK,2026-07-16,0.040763
AUD,2026-07-16,0.615464
CAD,2026-07-16,0.708955
USD,2026-07-17,0.896332
GBP,2026-07-17,1.087491
JPY,2026-07-17,0.005864
CHF,2026-07-17,1.053307
SEK,2026-07-17,0.092743
NOK,2026-07-17,0.083340
PLN,2026-07-17,0.232968
CZK,2026-07-17,0.040885
AUD,2026-07-17,0.616672
CAD,2026-07-17,0.707055
USD,2026-07-18,0.895669
GBP,2026-07-18,1.089158
JPY,2026-07-18,0.005870
CHF,2026-07-18,1.049676
SEK,2026-07-18,0.093058
NOK,2026-07-18,0.083485
PLN,2026-07-18,0.232604
CZK,2026-07-18,0.040765
AUD,2026-07-18,0.616656
CAD,2026-07-18,0.707999
USD,2026-07-19,0.897230
GBP,2026-07-19,1.088069
JPY,2026-07-19,0.005856
CHF,2026-07-19,1.049240
SEK,2026-07-19,0.093181
NOK,2026-07-19,0.083354
PLN,2026-07-19,0.232939
CZK,2026-07-19,0.040864
AUD,2026-07-19,0.616331
CAD,2026-07-19,0.710322
USD,2026-07-20,0.900195
GBP,2026-07-20,1.087566
JPY,2026-07-20,0.005838
CHF,2026-07-20,1.051742
SEK,2026-07-20,0.093240
NOK,2026-07-20,0.083497
PLN,2026-07-20,0.232473
CZK,2026-07-20,0.040939
AUD,2026-07-20,0.616905
CAD,2026-07-20,0.709647
USD,2026-07-21,0.901739
GBP,2026-07-21,1.090381
JPY,2026-07-21,0.005819
CHF,2026-07-21,1.052024
SEK,2026-07-21,0.093075
NOK,2026-07-21,0.083740
PLN,2026-07-21,0.232568
CZK,2026-07-21,0.041077
AUD,2026-07-21,0.618242
CAD,2026-07-21,0.709148
USD,2026-07-22,0.899311
GBP,2026-07-22,1.090618
JPY,2026-07-22,0.005814
CHF,2026-07-22,1.053852
SEK,2026-07-22,0.092796
NOK,2026-07-22,0.083650
PLN,2026-07-22,0.232909
CZK,2026-07-22,0.041143
AUD,2026-07-22,0.617061
CAD,2026-07-22,0.711151
USD,2026-07-23,0.896317
GBP,2026-07-23,1.087123
JPY,2026-07-23,0.005823
CHF,2026-07-23,1.051701
SEK,2026-07-23,0.092926
NOK,2026-07-23,0.083532
PLN,2026-07-23,0.233001
CZK,2026-07-23,0.041196
AUD,2026-07-23,0.618242
CAD,2026-07-23,0.710775
USD,2026-07-24,0.893316
GBP,2026-07-24,1.090804
JPY,2026-07-24,0.005810
CHF,2026-07-24,1.051302
SEK,2026-07-24,0.092673
NOK,2026-07-24,0.083503
PLN,2026-07-24,0.233636
CZK,2026-07-24,0.041134
AUD,2026-07-24,0.616288
CAD,2026-07-24,0.710945
USD,2026-07-25,0.890785
GBP,2026-07-25,1.089362
JPY,2026-07-25,0.005824
CHF,2026-07-25,1.054605
SEK,2026-07-25,0.092367
NOK,2026-07-25,0.083251
PLN,2026-07-25,0.233766
CZK,2026-07-25,0.041191
AUD,2026-07-25,0.618417
CAD,2026-07-25,0.708548
USD,2026-07-26,0.888142
GBP,2026-07-26,1.088589
JPY,2026-07-26,0.005831
CHF,2026-07-26,1.053908
SEK,2026-07-26,0.092113
NOK,2026-07-26,0.083238
PLN,2026-07-26,0.234417
CZK,2026-07-26,0.041161
AUD,2026-07-26,0.618032
CAD,2026-07-26,0.706265
USD,2026-07-27,0.888588
GBP,2026-07-27,1.092238
JPY,2026-07-27,0.005840
CHF,2026-07-27,1.054122
SEK,2026-07-27,0.091922
NOK,2026-07-27,0.083382
PLN,2026-07-27,0.234849
CZK,2026-07-27,0.041182
AUD,2026-07-27,0.617691
CAD,2026-07-27,0.708309
